Workbook

Sheet Calculator
L3: [Hide this column] | M3: [Hide this column] | N3: [Hide this column] | R3: [Hide this column] | V3: [Hide this column] | W3: [Hide this column] | X3: [Hide this column] | Y3: [Hide this column] | Z3: [Hide this column] | AA3: [Hide this column] | AB3: [Hide this column] | AC3: [Hide this column] | AD3: [Hide this column] | AE3: [Hide this column] | AF3: [Hide this column] | AG3: [Hide this column] | AH3: [Hide this column] | AI3: [Hide this column] | AJ3: [Hide this column] | AK3: [Hide this column] | AL3: [Hide this column] | AM3: [Hide this column] | AN3: [Hide this column] | AO3: [Hide this column] | AP3: [Hide this column] | AQ3: [Hide this column] | AR3: [Hide this column] | AS3: [Hide this column] | AT3: [Hide this column] | AU3: [Hide this column] | AV3: [Hide this column] | AW3: [Hide this column] | AX3: [Hide this column]
D4: Evaluate-STIG Annual Projected Time and Cost Avoidance Over DISA and NIWC Enhanced SCAP Updated: 8/13/2025 | G4: Instructions: 1. Enter your hourly rate and average labor minutes to complete a single manual check. 2. Enter the total number of instances for each STIG-applicable product installed in your environment(s).
G5: * Annual projections assume quarterly reviews. | L5: [Hide this column] | M5: [Hide this column] | N5: [Hide this column] | R5: [Hide this column] | V5: [Hide this column] | W5: [Hide this column] | X5: [Hide this column] | Y5: [Hide this column] | Z5: [Hide this column] | AA5: [Hide this column] | AB5: [Hide this column]
D6: ="Note: First STIG in list is '"&(D12)&"' so make sure you're scrolled to the top!" -> Note: First STIG in list is 'Active Directory Domain' so make sure you're scrolled to the top! | G6: Projected: Annual Labor Hour Avoidance Over DISA SCAP with Evaluate-STIG | H6: Projected: Annual Cost Avoidance Over DISA SCAP with Evaluate-STIG | I6: Projected: Annual Labor Hour Avoidance Over NIWC Enhanced SCAP with Evaluate-STIG | J6: Projected: Annual Cost Avoidance Over NIWC Enhanced SCAP with Evaluate-STIG | K6: Total STIG Checks | L6: Total Automated Checks: DISA SCAP | M6: Total Automated Checks: NIWC Enhanced SCAP | N6: Total Automated Checks: Evaluate-STIG | O6: Total Remaining Manual Checks: DISA SCAP | P6: Total Remaining Manual Checks: NIWC Enhanced SCAP | Q6: Total Remaining Manual Checks: Evaluate-STIG | R6: Total Time to Complete per Quarter: Manual | S6: Total Assignable Labor Time for STIG Review (8 hr/Day): DISA SCAP | T6: Total Assignable Labor Time for STIG Review (8 hr/Day): NIWC Enhanced SCAP | U6: Total Assignable Labor Time for STIG Review (8 hr/Day): Evaluate-STIG | V6: Weighted Productivity Gain: DISA SCAP vs Manual (Hidden) | W6: Weighted Productivity Gain: NIWC Enhanced SCAP vs Manual (Hidden) | X6: Weighted Productivity Gain: Evaluate-STIG vs Manual (Hidden) | Y6: Total Cost to Complete per Quarter: Manual (Hidden) | Z6: Total Cost to Complete per Quarter: DISA SCAP (Hidden) | AA6: Total Cost to Complete per Quarter: NIWC Enhanced SCAP (Hidden) | AB6: Total Cost to Complete per Quarter: Evaluate-STIG (Hidden)
D7: Step 1: Enter Hourly Rate | E7: 126 | G7: =SUM(G12:G117) -> 71967.3 | H7: =SUM(H12:H117) -> 9067879.8 | I7: =SUM(I12:I117) -> 45234.6 | J7: =SUM(J12:J117) -> 5699559.6 | K7: =SUM(K12:K117) -> 1540144 | L7: =SUM(L12:L117) -> 1266612 | M7: =SUM(M12:M117) -> 1355721 | N7: =SUM(N12:N117) -> 1506503 | ... Q7: =SUM(Q12:Q117) -> 33641 | R7: =FLOOR($AC118*3,1)&" Days"&TEXT(SUM($AC118-TIME(8,0,0)*FLOOR($AC118*3,1))," h")&" Hrs" -> 14438 Days 6 Hrs | S7: =FLOOR($AD118*3,1)&" Days"&TEXT(SUM($AD118-TIME(8,0,0)*FLOOR($AD118*3,1))," h")&" Hrs" -> 2564 Days 2 Hrs | T7: =FLOOR($AE118*3,1)&" Days"&TEXT(SUM($AE118-TIME(8,0,0)*FLOOR($AE118*3,1))," h")&" Hrs" -> 1728 Days 7 Hrs | U7: =FLOOR($AF118*3,1)&" Days"&TEXT(SUM($AF118-TIME(8,0,0)*FLOOR($AF118*3,1))," h")&" Hrs" -> 315 Days 3 Hrs | V7: =((((SUM($E12:$E117)/$AJ118)-((SUM($E12:$E117)/$AI118))))/((SUM($E12:$E117)/$AI118))) -> 4.6214696 | W7: =((((SUM($E12:$E117)/$AK118)-((SUM($E12:$E117)/$AI118))))/((SUM($E12:$E117)/$AI118))) -> 7.3331456 | X7: =((((SUM($E12:$E117)/$AL118)-((SUM($E12:$E117)/$AI118))))/((SUM($E12:$E117)/$AI118))) -> 42.165874 | Y7: =SUM(Y12:Y117) -> 14554361 | Z7: =SUM(Z12:Z117) -> 2584877.4 | AA7: =SUM(AA12:AA117) -> 1742797.4 | AB7: =SUM(AB12:AB117) -> 317907.45
D8: Average Labor Minutes Per Manual Check | E8: 4.5 | O8: Automated: | P8: Automated: | Q8: Automated:
O9: =$L7/$K7 -> 0.82239843 | P9: =$M7/$K7 -> 0.880256 | Q9: =$N7/$K7 -> 0.97815724
AC10: Time to Complete | AI10: Weighted Effort | AN10: Quarterly Cost to Complete | AT10: Quarterly Cost Avoided
D11: STIG Supported by Evaluate-STIG | E11: Step 2: Enter Total Installed Instances of Product | G11: Annual Labor Hour Avoidance Over DISA SCAP | H11: Annual Cost Avoidance Over DISA SCAP | I11: Annual Labor Hour Avoidance Over NIWC Enhanced SCAP | J11: Annual Cost Avoidance Over NIWC Enhanced SCAP | K11: STIG Checks | L11: Completed Checks: DISA SCAP | M11: Completed Checks: NIWC Enhanced SCAP | N11: Completed Checks: Evaluate-STIG | O11: Remaining "NR": DISA SCAP | P11: Remaining "NR": NIWC Enhanced SCAP | Q11: Remaining "NR": Evaluate-STIG | R11: Time to Complete STIG per Quarter: Manual | S11: Time to Complete STIG Review (8 hr/Day): DISA SCAP | T11: Time to Complete STIG Review (8 hr/Day): NIWC Enhanced SCAP | U11: Time to Complete STIG Review (8 hr/Day): Evaluate-STIG | V11: Productivity Gain: DISA SCAP vs Manual | W11: Productivity Gain: NIWC Enhanced SCAP vs Manual | X11: Productivity Gain: Evaluate-STIG vs Manual | Y11: Cost to Complete STIG per Quarter: Manual | Z11: Cost to Complete STIG per Quarter: DISA SCAP | AA11: Cost to Complete STIG per Quarter: NIWC Enhanced SCAP | AB11: Cost to Complete STIG per Quarter: Evaluate-STIG | AC11: Hours to Complete: Manual | AD11: Hours to Complete: DISA SCAP | AE11: Hours to Complete: NIWC Enhanced SCAP | AF11: Hours to Complete: Evaluate-STIG | AG11: Evaluate-STIG over DISA SCAP Reduction | AH11: Evaluate-STIG over NIWC Enhanced SCAP Reduction | AI11: Manual | AJ11: DISA SCAP | AK11: NIWC Enhanced SCAP | AL11: Evaluate-STIG | AO11: Q1 | AP11: Q2 | AQ11: Q3 | AR11: Q4 | AU11: Q1 | AV11: Q2 | AW11: Q3 | AX11: Q4
D12: =(STIG_Metrics!A12) -> Active Directory Domain | E12: 1 | G12: =IF(E12=0,"",(AG12*24)*4) -> 6 | H12: =IF(E12=0,"",PRODUCT($G12,$E$7)) -> 756 | I12: =IF(E12=0,"",(AH12*24)*4) -> 6 | J12: =IF(E12=0,"",PRODUCT($I12,$E$7)) -> 756 | K12: =IF($E12=0,"",(STIG_Metrics!E12)*$E12) -> 36 | L12: =IF($E12=0,"",(STIG_Metrics!F12)*$E12) -> 0 | M12: =IF($E12=0,"",(STIG_Metrics!G12)*$E12) -> 0 | N12: =IF($E12=0,"",(STIG_Metrics!H12)*$E12) -> 20 | O12: =IF($E12=0,"",(STIG_Metrics!E12-STIG_Metrics!F12)*$E12) -> 36 | P12: =IF($E12=0,"",(STIG_Metrics!E12-STIG_Metrics!G12)*$E12) -> 36 | Q12: =IF($E12=0,"",(STIG_Metrics!E12-STIG_Metrics!H12)*$E12) -> 16 | R12: =IF($E12=0,"",FLOOR($AC12*3,1)&" Days"&TEXT(SUM($AC12-TIME(8,0,0)*FLOOR($AC12*3,1))," h")&" Hrs") -> 0 Days 2 Hrs | S12: =IF($E12=0,"",FLOOR($AD12*3,1)&" Days"&TEXT(SUM($AD12-TIME(8,0,0)*FLOOR($AD12*3,1))," h")&" Hrs") -> 0 Days 2 Hrs | T12: =IF($E12=0,"",FLOOR($AE12*3,1)&" Days"&TEXT(SUM($AE12-TIME(8,0,0)*FLOOR($AE12*3,1))," h")&" Hrs") -> 0 Days 2 Hrs | U12: =IF($E12=0,"",FLOOR($AF12*3,1)& " Days"&TEXT(SUM($AF12-TIME(8,0,0)*FLOOR($AF12*3,1))," h") & " Hrs") -> 0 Days 1 Hrs | V12: =IF($E12=0,"",STIG_Metrics!R12) -> 0 | W12: =IF($E12=0,"",STIG_Metrics!S12) -> 0 | X12: =IF($E12=0,"",STIG_Metrics!T12) -> 1.25 | Y12: =IF($E12=0,"",((K12*$E$8/60)*$E$7)) -> 340.2 | Z12: =IF($E12=0,"",((O12*$E$8/60)*$E$7)) -> 340.2 | AA12: =IF($E12=0,"",((P12*$E$8/60)*$E$7)) -> 340.2 | AB12: =IF($E12=0,"",((Q12*$E$8/60)*$E$7)) -> 151.2 | AC12: =IF($E12=0,"",IF(STIG_Metrics!N12=60,0,($E12/STIG_Metrics!N12)/24)) -> 0.1125 | AD12: =IF($E12=0,"",IF(STIG_Metrics!O12=60,0,($E12/STIG_Metrics!O12)/24)) -> 0.1125 | AE12: =IF($E12=0,"",IF(STIG_Metrics!P12=60,0,($E12/STIG_Metrics!P12)/24)) -> 0.1125 | AF12: =IF($E12=0,"",IF(STIG_Metrics!Q12=60,0,($E12/STIG_Metrics!Q12)/24)) -> 0.05 | AG12: =IF($E12=0,"",$AD12-$AF12) -> 0.0625 | AH12: =IF($E12=0,"",$AE12-$AF12) -> 0.0625 | AI12: =IF($E12=0,"",$E12/STIG_Metrics!N12) -> 2.7 | AJ12: =IF($E12=0,"",$E12/STIG_Metrics!O12) -> 2.7 | AK12: =IF($E12=0,"",$E12/STIG_Metrics!P12) -> 2.7 | AL12: =IF($E12=0,"",$E12/STIG_Metrics!Q12) -> 1.2 | AN12: Manual Review | AO12: =$Y$7 -> 14554361 | AP12: =$Y$7*2 -> 29108722 | AQ12: =$Y$7*3 -> 43663082 | AR12: =$Y$7*4 -> 58217443 | AT12: DISA SCAP | AU12: =$AO$12-$AO$13 -> 11969483 | AV12: =($AO$12-$AO$13)*2 -> 23938967 | AW12: =($AO$12-$AO$13)*3 -> 35908450 | AX12: =($AO$12-$AO$13)*4 -> 47877934
D13: =(STIG_Metrics!A13) -> Active Directory Forest | E13: 1 | G13: =IF(E13=0,"",(AG13*24)*4) -> 0.9 | H13: =IF(E13=0,"",PRODUCT($G13,$E$7)) -> 113.4 | I13: =IF(E13=0,"",(AH13*24)*4) -> 0.9 | J13: =IF(E13=0,"",PRODUCT($I13,$E$7)) -> 113.4 | K13: =IF($E13=0,"",(STIG_Metrics!E13)*$E13) -> 7 | L13: =IF($E13=0,"",(STIG_Metrics!F13)*$E13) -> 0 | M13: =IF($E13=0,"",(STIG_Metrics!G13)*$E13) -> 0 | N13: =IF($E13=0,"",(STIG_Metrics!H13)*$E13) -> 3 | O13: =IF($E13=0,"",(STIG_Metrics!E13-STIG_Metrics!F13)*$E13) -> 7 | P13: =IF($E13=0,"",(STIG_Metrics!E13-STIG_Metrics!G13)*$E13) -> 7 | Q13: =IF($E13=0,"",(STIG_Metrics!E13-STIG_Metrics!H13)*$E13) -> 4 | R13: =IF($E13=0,"",FLOOR($AC13*3,1)&" Days"&TEXT(SUM($AC13-TIME(8,0,0)*FLOOR($AC13*3,1))," h")&" Hrs") -> 0 Days 0 Hrs | S13: =IF($E13=0,"",FLOOR($AD13*3,1)&" Days"&TEXT(SUM($AD13-TIME(8,0,0)*FLOOR($AD13*3,1))," h")&" Hrs") -> 0 Days 0 Hrs | T13: =IF($E13=0,"",FLOOR($AE13*3,1)&" Days"&TEXT(SUM($AE13-TIME(8,0,0)*FLOOR($AE13*3,1))," h")&" Hrs") -> 0 Days 0 Hrs | U13: =IF($E13=0,"",FLOOR($AF13*3,1)& " Days"&TEXT(SUM($AF13-TIME(8,0,0)*FLOOR($AF13*3,1))," h") & " Hrs") -> 0 Days 0 Hrs | V13: =IF($E13=0,"",STIG_Metrics!R13) -> 0 | W13: =IF($E13=0,"",STIG_Metrics!S13) -> 0 | X13: =IF($E13=0,"",STIG_Metrics!T13) -> 0.75 | Y13: =IF($E13=0,"",((K13*$E$8/60)*$E$7)) -> 66.15 | Z13: =IF($E13=0,"",((O13*$E$8/60)*$E$7)) -> 66.15 | AA13: =IF($E13=0,"",((P13*$E$8/60)*$E$7)) -> 66.15 | AB13: =IF($E13=0,"",((Q13*$E$8/60)*$E$7)) -> 37.8 | AC13: =IF($E13=0,"",IF(STIG_Metrics!N13=60,0,($E13/STIG_Metrics!N13)/24)) -> 0.021875 | AD13: =IF($E13=0,"",IF(STIG_Metrics!O13=60,0,($E13/STIG_Metrics!O13)/24)) -> 0.021875 | AE13: =IF($E13=0,"",IF(STIG_Metrics!P13=60,0,($E13/STIG_Metrics!P13)/24)) -> 0.021875 | AF13: =IF($E13=0,"",IF(STIG_Metrics!Q13=60,0,($E13/STIG_Metrics!Q13)/24)) -> 0.0125 | AG13: =IF($E13=0,"",$AD13-$AF13) -> 0.009375 | AH13: =IF($E13=0,"",$AE13-$AF13) -> 0.009375 | AI13: =IF($E13=0,"",$E13/STIG_Metrics!N13) -> 0.525 | AJ13: =IF($E13=0,"",$E13/STIG_Metrics!O13) -> 0.525 | AK13: =IF($E13=0,"",$E13/STIG_Metrics!P13) -> 0.525 | AL13: =IF($E13=0,"",$E13/STIG_Metrics!Q13) -> 0.3 | AN13: DISA SCAP | AO13: =$Z$7 -> 2584877.4 | AP13: =$Z$7*2 -> 5169754.8 | AQ13: =$Z$7*3 -> 7754632.2 | AR13: =$Z$7*4 -> 10339510 | AT13: NIWC Enhanced SCAP | AU13: =$AO$12-$AO$14 -> 12811563 | AV13: =($AO$12-$AO$14)*2 -> 25623127 | AW13: =($AO$12-$AO$14)*3 -> 38434690 | AX13: =($AO$12-$AO$14)*4 -> 51246254
D14: =(STIG_Metrics!A14) -> Adobe Acrobat Pro XI | E14: 0 | G14: =IF(E14=0,"",(AG14*24)*4) | H14: =IF(E14=0,"",PRODUCT($G14,$E$7)) | I14: =IF(E14=0,"",(AH14*24)*4) | J14: =IF(E14=0,"",PRODUCT($I14,$E$7)) | K14: =IF($E14=0,"",(STIG_Metrics!E14)*$E14) | L14: =IF($E14=0,"",(STIG_Metrics!F14)*$E14) | M14: =IF($E14=0,"",(STIG_Metrics!G14)*$E14) | N14: =IF($E14=0,"",(STIG_Metrics!H14)*$E14) | O14: =IF($E14=0,"",(STIG_Metrics!E14-STIG_Metrics!F14)*$E14) | P14: =IF($E14=0,"",(STIG_Metrics!E14-STIG_Metrics!G14)*$E14) | Q14: =IF($E14=0,"",(STIG_Metrics!E14-STIG_Metrics!H14)*$E14) | R14: =IF($E14=0,"",FLOOR($AC14*3,1)&" Days"&TEXT(SUM($AC14-TIME(8,0,0)*FLOOR($AC14*3,1))," h")&" Hrs") | S14: =IF($E14=0,"",FLOOR($AD14*3,1)&" Days"&TEXT(SUM($AD14-TIME(8,0,0)*FLOOR($AD14*3,1))," h")&" Hrs") | T14: =IF($E14=0,"",FLOOR($AE14*3,1)&" Days"&TEXT(SUM($AE14-TIME(8,0,0)*FLOOR($AE14*3,1))," h")&" Hrs") | U14: =IF($E14=0,"",FLOOR($AF14*3,1)& " Days"&TEXT(SUM($AF14-TIME(8,0,0)*FLOOR($AF14*3,1))," h") & " Hrs") | V14: =IF($E14=0,"",STIG_Metrics!R14) | W14: =IF($E14=0,"",STIG_Metrics!S14) | X14: =IF($E14=0,"",STIG_Metrics!T14) | Y14: =IF($E14=0,"",((K14*$E$8/60)*$E$7)) | Z14: =IF($E14=0,"",((O14*$E$8/60)*$E$7)) | AA14: =IF($E14=0,"",((P14*$E$8/60)*$E$7)) | AB14: =IF($E14=0,"",((Q14*$E$8/60)*$E$7)) | AC14: =IF($E14=0,"",IF(STIG_Metrics!N14=60,0,($E14/STIG_Metrics!N14)/24)) | AD14: =IF($E14=0,"",IF(STIG_Metrics!O14=60,0,($E14/STIG_Metrics!O14)/24)) | AE14: =IF($E14=0,"",IF(STIG_Metrics!P14=60,0,($E14/STIG_Metrics!P14)/24)) | AF14: =IF($E14=0,"",IF(STIG_Metrics!Q14=60,0,($E14/STIG_Metrics!Q14)/24)) | AG14: =IF($E14=0,"",$AD14-$AF14) | AH14: =IF($E14=0,"",$AE14-$AF14) | AI14: =IF($E14=0,"",$E14/STIG_Metrics!N14) | AJ14: =IF($E14=0,"",$E14/STIG_Metrics!O14) | AK14: =IF($E14=0,"",$E14/STIG_Metrics!P14) | AL14: =IF($E14=0,"",$E14/STIG_Metrics!Q14) | AN14: NIWC Enhanced SCAP | AO14: =$AA$7 -> 1742797.4 | AP14: =$AA$7*2 -> 3485594.7 | AQ14: =$AA$7*3 -> 5228392.1 | AR14: =$AA$7*4 -> 6971189.4 | AT14: Evaluate-STIG | AU14: =$AO$12-$AO$15 -> 14236453 | AV14: =($AO$12-$AO$15)*2 -> 28472907 | AW14: =($AO$12-$AO$15)*3 -> 42709360 | AX14: =($AO$12-$AO$15)*4 -> 56945813
D15: =(STIG_Metrics!A15) -> Adobe Acrobat Professional DC Classic Track | E15: 14 | G15: =IF(E15=0,"",(AG15*24)*4) -> 96.6 | H15: =IF(E15=0,"",PRODUCT($G15,$E$7)) -> 12171.6 | I15: =IF(E15=0,"",(AH15*24)*4) -> 96.6 | J15: =IF(E15=0,"",PRODUCT($I15,$E$7)) -> 12171.6 | K15: =IF($E15=0,"",(STIG_Metrics!E15)*$E15) -> 322 | L15: =IF($E15=0,"",(STIG_Metrics!F15)*$E15) -> 0 | M15: =IF($E15=0,"",(STIG_Metrics!G15)*$E15) -> 0 | N15: =IF($E15=0,"",(STIG_Metrics!H15)*$E15) -> 322 | O15: =IF($E15=0,"",(STIG_Metrics!E15-STIG_Metrics!F15)*$E15) -> 322 | P15: =IF($E15=0,"",(STIG_Metrics!E15-STIG_Metrics!G15)*$E15) -> 322 | Q15: =IF($E15=0,"",(STIG_Metrics!E15-STIG_Metrics!H15)*$E15) -> 0 | R15: =IF($E15=0,"",FLOOR($AC15*3,1)&" Days"&TEXT(SUM($AC15-TIME(8,0,0)*FLOOR($AC15*3,1))," h")&" Hrs") -> 3 Days 0 Hrs | S15: =IF($E15=0,"",FLOOR($AD15*3,1)&" Days"&TEXT(SUM($AD15-TIME(8,0,0)*FLOOR($AD15*3,1))," h")&" Hrs") -> 3 Days 0 Hrs | T15: =IF($E15=0,"",FLOOR($AE15*3,1)&" Days"&TEXT(SUM($AE15-TIME(8,0,0)*FLOOR($AE15*3,1))," h")&" Hrs") -> 3 Days 0 Hrs | U15: =IF($E15=0,"",FLOOR($AF15*3,1)& " Days"&TEXT(SUM($AF15-TIME(8,0,0)*FLOOR($AF15*3,1))," h") & " Hrs") -> 0 Days 0 Hrs | V15: =IF($E15=0,"",STIG_Metrics!R15) -> 0 | W15: =IF($E15=0,"",STIG_Metrics!S15) -> 0 | X15: =IF($E15=0,"",STIG_Metrics!T15) -> 102.5 | Y15: =IF($E15=0,"",((K15*$E$8/60)*$E$7)) -> 3042.9 | Z15: =IF($E15=0,"",((O15*$E$8/60)*$E$7)) -> 3042.9 | AA15: =IF($E15=0,"",((P15*$E$8/60)*$E$7)) -> 3042.9 | AB15: =IF($E15=0,"",((Q15*$E$8/60)*$E$7)) -> 0 | AC15: =IF($E15=0,"",IF(STIG_Metrics!N15=60,0,($E15/STIG_Metrics!N15)/24)) -> 1.00625 | AD15: =IF($E15=0,"",IF(STIG_Metrics!O15=60,0,($E15/STIG_Metrics!O15)/24)) -> 1.00625 | AE15: =IF($E15=0,"",IF(STIG_Metrics!P15=60,0,($E15/STIG_Metrics!P15)/24)) -> 1.00625 | AF15: =IF($E15=0,"",IF(STIG_Metrics!Q15=60,0,($E15/STIG_Metrics!Q15)/24)) -> 0 | AG15: =IF($E15=0,"",$AD15-$AF15) -> 1.00625 | AH15: =IF($E15=0,"",$AE15-$AF15) -> 1.00625 | AI15: =IF($E15=0,"",$E15/STIG_Metrics!N15) -> 24.15 | AJ15: =IF($E15=0,"",$E15/STIG_Metrics!O15) -> 24.15 | AK15: =IF($E15=0,"",$E15/STIG_Metrics!P15) -> 24.15 | AL15: =IF($E15=0,"",$E15/STIG_Metrics!Q15) -> 0.23333333 | AN15: Evaluate-STIG | AO15: =$AB$7 -> 317907.45 | AP15: =$AB$7*2 -> 635814.9 | AQ15: =$AB$7*3 -> 953722.35 | AR15: =$AB$7*4 -> 1271629.8 | AT15: Evaluate-STIG over DISA SCAP | AU15: =AU14-AU12 -> 2266970 | AV15: =AV14-AV12 -> 4533939.9 | AW15: =AW14-AW12 -> 6800909.9 | AX15: =AX14-AX12 -> 9067879.8
D16: =(STIG_Metrics!A16) -> Adobe Acrobat Professional DC Continuous Track | E16: 165 | G16: =IF(E16=0,"",(AG16*24)*4) -> 1089 | H16: =IF(E16=0,"",PRODUCT($G16,$E$7)) -> 137214 | I16: =IF(E16=0,"",(AH16*24)*4) -> 1089 | J16: =IF(E16=0,"",PRODUCT($I16,$E$7)) -> 137214 | K16: =IF($E16=0,"",(STIG_Metrics!E16)*$E16) -> 3795 | L16: =IF($E16=0,"",(STIG_Metrics!F16)*$E16) -> 0 | M16: =IF($E16=0,"",(STIG_Metrics!G16)*$E16) -> 0 | N16: =IF($E16=0,"",(STIG_Metrics!H16)*$E16) -> 3630 | O16: =IF($E16=0,"",(STIG_Metrics!E16-STIG_Metrics!F16)*$E16) -> 3795 | P16: =IF($E16=0,"",(STIG_Metrics!E16-STIG_Metrics!G16)*$E16) -> 3795 | Q16: =IF($E16=0,"",(STIG_Metrics!E16-STIG_Metrics!H16)*$E16) -> 165 | R16: =IF($E16=0,"",FLOOR($AC16*3,1)&" Days"&TEXT(SUM($AC16-TIME(8,0,0)*FLOOR($AC16*3,1))," h")&" Hrs") -> 35 Days 4 Hrs | S16: =IF($E16=0,"",FLOOR($AD16*3,1)&" Days"&TEXT(SUM($AD16-TIME(8,0,0)*FLOOR($AD16*3,1))," h")&" Hrs") -> 35 Days 4 Hrs | T16: =IF($E16=0,"",FLOOR($AE16*3,1)&" Days"&TEXT(SUM($AE16-TIME(8,0,0)*FLOOR($AE16*3,1))," h")&" Hrs") -> 35 Days 4 Hrs | U16: =IF($E16=0,"",FLOOR($AF16*3,1)& " Days"&TEXT(SUM($AF16-TIME(8,0,0)*FLOOR($AF16*3,1))," h") & " Hrs") -> 1 Days 4 Hrs | V16: =IF($E16=0,"",STIG_Metrics!R16) -> 0 | W16: =IF($E16=0,"",STIG_Metrics!S16) -> 0 | X16: =IF($E16=0,"",STIG_Metrics!T16) -> 22 | Y16: =IF($E16=0,"",((K16*$E$8/60)*$E$7)) -> 35862.75 | Z16: =IF($E16=0,"",((O16*$E$8/60)*$E$7)) -> 35862.75 | AA16: =IF($E16=0,"",((P16*$E$8/60)*$E$7)) -> 35862.75 | AB16: =IF($E16=0,"",((Q16*$E$8/60)*$E$7)) -> 1559.25 | AC16: =IF($E16=0,"",IF(STIG_Metrics!N16=60,0,($E16/STIG_Metrics!N16)/24)) -> 11.859375 | AD16: =IF($E16=0,"",IF(STIG_Metrics!O16=60,0,($E16/STIG_Metrics!O16)/24)) -> 11.859375 | AE16: =IF($E16=0,"",IF(STIG_Metrics!P16=60,0,($E16/STIG_Metrics!P16)/24)) -> 11.859375 | AF16: =IF($E16=0,"",IF(STIG_Metrics!Q16=60,0,($E16/STIG_Metrics!Q16)/24)) -> 0.515625 | AG16: =IF($E16=0,"",$AD16-$AF16) -> 11.34375 | AH16: =IF($E16=0,"",$AE16-$AF16) -> 11.34375 | AI16: =IF($E16=0,"",$E16/STIG_Metrics!N16) -> 284.625 | AJ16: =IF($E16=0,"",$E16/STIG_Metrics!O16) -> 284.625 | AK16: =IF($E16=0,"",$E16/STIG_Metrics!P16) -> 284.625 | AL16: =IF($E16=0,"",$E16/STIG_Metrics!Q16) -> 12.375 | AT16: Evaluate-STIG over NIWC SCAP | AU16: =AU14-AU13 -> 1424889.9 | AV16: =AV14-AV13 -> 2849779.8 | AW16: =AW14-AW13 -> 4274669.7 | AX16: =AX14-AX13 -> 5699559.6
D17: =(STIG_Metrics!A17) -> Adobe Acrobat Reader DC Classic Track | E17: 0 | G17: =IF(E17=0,"",(AG17*24)*4) | H17: =IF(E17=0,"",PRODUCT($G17,$E$7)) | I17: =IF(E17=0,"",(AH17*24)*4) | J17: =IF(E17=0,"",PRODUCT($I17,$E$7)) | K17: =IF($E17=0,"",(STIG_Metrics!E17)*$E17) | L17: =IF($E17=0,"",(STIG_Metrics!F17)*$E17) | M17: =IF($E17=0,"",(STIG_Metrics!G17)*$E17) | N17: =IF($E17=0,"",(STIG_Metrics!H17)*$E17) | O17: =IF($E17=0,"",(STIG_Metrics!E17-STIG_Metrics!F17)*$E17) | P17: =IF($E17=0,"",(STIG_Metrics!E17-STIG_Metrics!G17)*$E17) | Q17: =IF($E17=0,"",(STIG_Metrics!E17-STIG_Metrics!H17)*$E17) | R17: =IF($E17=0,"",FLOOR($AC17*3,1)&" Days"&TEXT(SUM($AC17-TIME(8,0,0)*FLOOR($AC17*3,1))," h")&" Hrs") | S17: =IF($E17=0,"",FLOOR($AD17*3,1)&" Days"&TEXT(SUM($AD17-TIME(8,0,0)*FLOOR($AD17*3,1))," h")&" Hrs") | T17: =IF($E17=0,"",FLOOR($AE17*3,1)&" Days"&TEXT(SUM($AE17-TIME(8,0,0)*FLOOR($AE17*3,1))," h")&" Hrs") | U17: =IF($E17=0,"",FLOOR($AF17*3,1)& " Days"&TEXT(SUM($AF17-TIME(8,0,0)*FLOOR($AF17*3,1))," h") & " Hrs") | V17: =IF($E17=0,"",STIG_Metrics!R17) | W17: =IF($E17=0,"",STIG_Metrics!S17) | X17: =IF($E17=0,"",STIG_Metrics!T17) | Y17: =IF($E17=0,"",((K17*$E$8/60)*$E$7)) | Z17: =IF($E17=0,"",((O17*$E$8/60)*$E$7)) | AA17: =IF($E17=0,"",((P17*$E$8/60)*$E$7)) | AB17: =IF($E17=0,"",((Q17*$E$8/60)*$E$7)) | AC17: =IF($E17=0,"",IF(STIG_Metrics!N17=60,0,($E17/STIG_Metrics!N17)/24)) | AD17: =IF($E17=0,"",IF(STIG_Metrics!O17=60,0,($E17/STIG_Metrics!O17)/24)) | AE17: =IF($E17=0,"",IF(STIG_Metrics!P17=60,0,($E17/STIG_Metrics!P17)/24)) | AF17: =IF($E17=0,"",IF(STIG_Metrics!Q17=60,0,($E17/STIG_Metrics!Q17)/24)) | AG17: =IF($E17=0,"",$AD17-$AF17) | AH17: =IF($E17=0,"",$AE17-$AF17) | AI17: =IF($E17=0,"",$E17/STIG_Metrics!N17) | AJ17: =IF($E17=0,"",$E17/STIG_Metrics!O17) | AK17: =IF($E17=0,"",$E17/STIG_Metrics!P17) | AL17: =IF($E17=0,"",$E17/STIG_Metrics!Q17)
D18: =(STIG_Metrics!A18) -> Adobe Acrobat Reader DC Continuous Track | E18: 1400 | G18: =IF(E18=0,"",(AG18*24)*4) -> 1260 | H18: =IF(E18=0,"",PRODUCT($G18,$E$7)) -> 158760 | I18: =IF(E18=0,"",(AH18*24)*4) -> 0 | J18: =IF(E18=0,"",PRODUCT($I18,$E$7)) -> 0 | K18: =IF($E18=0,"",(STIG_Metrics!E18)*$E18) -> 36400 | L18: =IF($E18=0,"",(STIG_Metrics!F18)*$E18) -> 30800 | M18: =IF($E18=0,"",(STIG_Metrics!G18)*$E18) -> 35000 | N18: =IF($E18=0,"",(STIG_Metrics!H18)*$E18) -> 35000 | O18: =IF($E18=0,"",(STIG_Metrics!E18-STIG_Metrics!F18)*$E18) -> 5600 | P18: =IF($E18=0,"",(STIG_Metrics!E18-STIG_Metrics!G18)*$E18) -> 1400 | Q18: =IF($E18=0,"",(STIG_Metrics!E18-STIG_Metrics!H18)*$E18) -> 1400 | R18: =IF($E18=0,"",FLOOR($AC18*3,1)&" Days"&TEXT(SUM($AC18-TIME(8,0,0)*FLOOR($AC18*3,1))," h")&" Hrs") -> 341 Days 2 Hrs | S18: =IF($E18=0,"",FLOOR($AD18*3,1)&" Days"&TEXT(SUM($AD18-TIME(8,0,0)*FLOOR($AD18*3,1))," h")&" Hrs") -> 52 Days 4 Hrs | T18: =IF($E18=0,"",FLOOR($AE18*3,1)&" Days"&TEXT(SUM($AE18-TIME(8,0,0)*FLOOR($AE18*3,1))," h")&" Hrs") -> 13 Days 1 Hrs | U18: =IF($E18=0,"",FLOOR($AF18*3,1)& " Days"&TEXT(SUM($AF18-TIME(8,0,0)*FLOOR($AF18*3,1))," h") & " Hrs") -> 13 Days 1 Hrs | V18: =IF($E18=0,"",STIG_Metrics!R18) -> 5.5 | W18: =IF($E18=0,"",STIG_Metrics!S18) -> 25 | X18: =IF($E18=0,"",STIG_Metrics!T18) -> 25 | Y18: =IF($E18=0,"",((K18*$E$8/60)*$E$7)) -> 343980 | Z18: =IF($E18=0,"",((O18*$E$8/60)*$E$7)) -> 52920 | AA18: =IF($E18=0,"",((P18*$E$8/60)*$E$7)) -> 13230 | AB18: =IF($E18=0,"",((Q18*$E$8/60)*$E$7)) -> 13230 | AC18: =IF($E18=0,"",IF(STIG_Metrics!N18=60,0,($E18/STIG_Metrics!N18)/24)) -> 113.75 | AD18: =IF($E18=0,"",IF(STIG_Metrics!O18=60,0,($E18/STIG_Metrics!O18)/24)) -> 17.5 | AE18: =IF($E18=0,"",IF(STIG_Metrics!P18=60,0,($E18/STIG_Metrics!P18)/24)) -> 4.375 | AF18: =IF($E18=0,"",IF(STIG_Metrics!Q18=60,0,($E18/STIG_Metrics!Q18)/24)) -> 4.375 | AG18: =IF($E18=0,"",$AD18-$AF18) -> 13.125 | AH18: =IF($E18=0,"",$AE18-$AF18) -> 0 | AI18: =IF($E18=0,"",$E18/STIG_Metrics!N18) -> 2730 | AJ18: =IF($E18=0,"",$E18/STIG_Metrics!O18) -> 420 | AK18: =IF($E18=0,"",$E18/STIG_Metrics!P18) -> 105 | AL18: =IF($E18=0,"",$E18/STIG_Metrics!Q18) -> 105
D19: =(STIG_Metrics!A19) -> Amazon Linux 2023 | E19: 0 | G19: =IF(E19=0,"",(AG19*24)*4) | H19: =IF(E19=0,"",PRODUCT($G19,$E$7)) | I19: =IF(E19=0,"",(AH19*24)*4) | J19: =IF(E19=0,"",PRODUCT($I19,$E$7)) | K19: =IF($E19=0,"",(STIG_Metrics!E19)*$E19) | L19: =IF($E19=0,"",(STIG_Metrics!F19)*$E19) | M19: =IF($E19=0,"",(STIG_Metrics!G19)*$E19) | N19: =IF($E19=0,"",(STIG_Metrics!H19)*$E19) | O19: =IF($E19=0,"",(STIG_Metrics!E19-STIG_Metrics!F19)*$E19) | P19: =IF($E19=0,"",(STIG_Metrics!E19-STIG_Metrics!G19)*$E19) | Q19: =IF($E19=0,"",(STIG_Metrics!E19-STIG_Metrics!H19)*$E19) | R19: =IF($E19=0,"",FLOOR($AC19*3,1)&" Days"&TEXT(SUM($AC19-TIME(8,0,0)*FLOOR($AC19*3,1))," h")&" Hrs") | S19: =IF($E19=0,"",FLOOR($AD19*3,1)&" Days"&TEXT(SUM($AD19-TIME(8,0,0)*FLOOR($AD19*3,1))," h")&" Hrs") | T19: =IF($E19=0,"",FLOOR($AE19*3,1)&" Days"&TEXT(SUM($AE19-TIME(8,0,0)*FLOOR($AE19*3,1))," h")&" Hrs") | U19: =IF($E19=0,"",FLOOR($AF19*3,1)& " Days"&TEXT(SUM($AF19-TIME(8,0,0)*FLOOR($AF19*3,1))," h") & " Hrs") | V19: =IF($E19=0,"",STIG_Metrics!R19) | W19: =IF($E19=0,"",STIG_Metrics!S19) | X19: =IF($E19=0,"",STIG_Metrics!T19) | Y19: =IF($E19=0,"",((K19*$E$8/60)*$E$7)) | Z19: =IF($E19=0,"",((O19*$E$8/60)*$E$7)) | AA19: =IF($E19=0,"",((P19*$E$8/60)*$E$7)) | AB19: =IF($E19=0,"",((Q19*$E$8/60)*$E$7)) | AC19: =IF($E19=0,"",IF(STIG_Metrics!N19=60,0,($E19/STIG_Metrics!N19)/24)) | AD19: =IF($E19=0,"",IF(STIG_Metrics!O19=60,0,($E19/STIG_Metrics!O19)/24)) | AE19: =IF($E19=0,"",IF(STIG_Metrics!P19=60,0,($E19/STIG_Metrics!P19)/24)) | AF19: =IF($E19=0,"",IF(STIG_Metrics!Q19=60,0,($E19/STIG_Metrics!Q19)/24)) | AG19: =IF($E19=0,"",$AD19-$AF19) | AH19: =IF($E19=0,"",$AE19-$AF19) | AI19: =IF($E19=0,"",$E19/STIG_Metrics!N19) | AJ19: =IF($E19=0,"",$E19/STIG_Metrics!O19) | AK19: =IF($E19=0,"",$E19/STIG_Metrics!P19) | AL19: =IF($E19=0,"",$E19/STIG_Metrics!Q19)
D20: =(STIG_Metrics!A20) -> Apache Server 2.4 UNIX Server | E20: 0 | G20: =IF(E20=0,"",(AG20*24)*4) | H20: =IF(E20=0,"",PRODUCT($G20,$E$7)) | I20: =IF(E20=0,"",(AH20*24)*4) | J20: =IF(E20=0,"",PRODUCT($I20,$E$7)) | K20: =IF($E20=0,"",(STIG_Metrics!E20)*$E20) | L20: =IF($E20=0,"",(STIG_Metrics!F20)*$E20) | M20: =IF($E20=0,"",(STIG_Metrics!G20)*$E20) | N20: =IF($E20=0,"",(STIG_Metrics!H20)*$E20) | O20: =IF($E20=0,"",(STIG_Metrics!E20-STIG_Metrics!F20)*$E20) | P20: =IF($E20=0,"",(STIG_Metrics!E20-STIG_Metrics!G20)*$E20) | Q20: =IF($E20=0,"",(STIG_Metrics!E20-STIG_Metrics!H20)*$E20) | R20: =IF($E20=0,"",FLOOR($AC20*3,1)&" Days"&TEXT(SUM($AC20-TIME(8,0,0)*FLOOR($AC20*3,1))," h")&" Hrs") | S20: =IF($E20=0,"",FLOOR($AD20*3,1)&" Days"&TEXT(SUM($AD20-TIME(8,0,0)*FLOOR($AD20*3,1))," h")&" Hrs") | T20: =IF($E20=0,"",FLOOR($AE20*3,1)&" Days"&TEXT(SUM($AE20-TIME(8,0,0)*FLOOR($AE20*3,1))," h")&" Hrs") | U20: =IF($E20=0,"",FLOOR($AF20*3,1)& " Days"&TEXT(SUM($AF20-TIME(8,0,0)*FLOOR($AF20*3,1))," h") & " Hrs") | V20: =IF($E20=0,"",STIG_Metrics!R20) | W20: =IF($E20=0,"",STIG_Metrics!S20) | X20: =IF($E20=0,"",STIG_Metrics!T20) | Y20: =IF($E20=0,"",((K20*$E$8/60)*$E$7)) | Z20: =IF($E20=0,"",((O20*$E$8/60)*$E$7)) | AA20: =IF($E20=0,"",((P20*$E$8/60)*$E$7)) | AB20: =IF($E20=0,"",((Q20*$E$8/60)*$E$7)) | AC20: =IF($E20=0,"",IF(STIG_Metrics!N20=60,0,($E20/STIG_Metrics!N20)/24)) | AD20: =IF($E20=0,"",IF(STIG_Metrics!O20=60,0,($E20/STIG_Metrics!O20)/24)) | AE20: =IF($E20=0,"",IF(STIG_Metrics!P20=60,0,($E20/STIG_Metrics!P20)/24)) | AF20: =IF($E20=0,"",IF(STIG_Metrics!Q20=60,0,($E20/STIG_Metrics!Q20)/24)) | AG20: =IF($E20=0,"",$AD20-$AF20) | AH20: =IF($E20=0,"",$AE20-$AF20) | AI20: =IF($E20=0,"",$E20/STIG_Metrics!N20) | AJ20: =IF($E20=0,"",$E20/STIG_Metrics!O20) | AK20: =IF($E20=0,"",$E20/STIG_Metrics!P20) | AL20: =IF($E20=0,"",$E20/STIG_Metrics!Q20)
D21: =(STIG_Metrics!A21) -> Apache Server 2.4 UNIX Site | E21: 2 | G21: =IF(E21=0,"",(AG21*24)*4) -> 9.6 | H21: =IF(E21=0,"",PRODUCT($G21,$E$7)) -> 1209.6 | I21: =IF(E21=0,"",(AH21*24)*4) -> 9.6 | J21: =IF(E21=0,"",PRODUCT($I21,$E$7)) -> 1209.6 | K21: =IF($E21=0,"",(STIG_Metrics!E21)*$E21) -> 54 | L21: =IF($E21=0,"",(STIG_Metrics!F21)*$E21) -> 0 | M21: =IF($E21=0,"",(STIG_Metrics!G21)*$E21) -> 0 | N21: =IF($E21=0,"",(STIG_Metrics!H21)*$E21) -> 32 | O21: =IF($E21=0,"",(STIG_Metrics!E21-STIG_Metrics!F21)*$E21) -> 54 | P21: =IF($E21=0,"",(STIG_Metrics!E21-STIG_Metrics!G21)*$E21) -> 54 | Q21: =IF($E21=0,"",(STIG_Metrics!E21-STIG_Metrics!H21)*$E21) -> 22 | R21: =IF($E21=0,"",FLOOR($AC21*3,1)&" Days"&TEXT(SUM($AC21-TIME(8,0,0)*FLOOR($AC21*3,1))," h")&" Hrs") -> 0 Days 4 Hrs | S21: =IF($E21=0,"",FLOOR($AD21*3,1)&" Days"&TEXT(SUM($AD21-TIME(8,0,0)*FLOOR($AD21*3,1))," h")&" Hrs") -> 0 Days 4 Hrs | T21: =IF($E21=0,"",FLOOR($AE21*3,1)&" Days"&TEXT(SUM($AE21-TIME(8,0,0)*FLOOR($AE21*3,1))," h")&" Hrs") -> 0 Days 4 Hrs | U21: =IF($E21=0,"",FLOOR($AF21*3,1)& " Days"&TEXT(SUM($AF21-TIME(8,0,0)*FLOOR($AF21*3,1))," h") & " Hrs") -> 0 Days 1 Hrs | V21: =IF($E21=0,"",STIG_Metrics!R21) -> 0 | W21: =IF($E21=0,"",STIG_Metrics!S21) -> 0 | X21: =IF($E21=0,"",STIG_Metrics!T21) -> 1.4545455 | Y21: =IF($E21=0,"",((K21*$E$8/60)*$E$7)) -> 510.3 | Z21: =IF($E21=0,"",((O21*$E$8/60)*$E$7)) -> 510.3 | AA21: =IF($E21=0,"",((P21*$E$8/60)*$E$7)) -> 510.3 | AB21: =IF($E21=0,"",((Q21*$E$8/60)*$E$7)) -> 207.9 | AC21: =IF($E21=0,"",IF(STIG_Metrics!N21=60,0,($E21/STIG_Metrics!N21)/24)) -> 0.16875 | AD21: =IF($E21=0,"",IF(STIG_Metrics!O21=60,0,($E21/STIG_Metrics!O21)/24)) -> 0.16875 | AE21: =IF($E21=0,"",IF(STIG_Metrics!P21=60,0,($E21/STIG_Metrics!P21)/24)) -> 0.16875 | AF21: =IF($E21=0,"",IF(STIG_Metrics!Q21=60,0,($E21/STIG_Metrics!Q21)/24)) -> 0.06875 | AG21: =IF($E21=0,"",$AD21-$AF21) -> 0.1 | AH21: =IF($E21=0,"",$AE21-$AF21) -> 0.1 | AI21: =IF($E21=0,"",$E21/STIG_Metrics!N21) -> 4.05 | AJ21: =IF($E21=0,"",$E21/STIG_Metrics!O21) -> 4.05 | AK21: =IF($E21=0,"",$E21/STIG_Metrics!P21) -> 4.05 | AL21: =IF($E21=0,"",$E21/STIG_Metrics!Q21) -> 1.65
D22: =(STIG_Metrics!A22) -> Apache Server 2.4 Windows Server | E22: 2 | G22: =IF(E22=0,"",(AG22*24)*4) -> 15 | H22: =IF(E22=0,"",PRODUCT($G22,$E$7)) -> 1890 | I22: =IF(E22=0,"",(AH22*24)*4) -> 15 | J22: =IF(E22=0,"",PRODUCT($I22,$E$7)) -> 1890 | K22: =IF($E22=0,"",(STIG_Metrics!E22)*$E22) -> 108 | L22: =IF($E22=0,"",(STIG_Metrics!F22)*$E22) -> 0 | M22: =IF($E22=0,"",(STIG_Metrics!G22)*$E22) -> 0 | N22: =IF($E22=0,"",(STIG_Metrics!H22)*$E22) -> 50 | O22: =IF($E22=0,"",(STIG_Metrics!E22-STIG_Metrics!F22)*$E22) -> 108 | P22: =IF($E22=0,"",(STIG_Metrics!E22-STIG_Metrics!G22)*$E22) -> 108 | Q22: =IF($E22=0,"",(STIG_Metrics!E22-STIG_Metrics!H22)*$E22) -> 58 | R22: =IF($E22=0,"",FLOOR($AC22*3,1)&" Days"&TEXT(SUM($AC22-TIME(8,0,0)*FLOOR($AC22*3,1))," h")&" Hrs") -> 1 Days 0 Hrs | S22: =IF($E22=0,"",FLOOR($AD22*3,1)&" Days"&TEXT(SUM($AD22-TIME(8,0,0)*FLOOR($AD22*3,1))," h")&" Hrs") -> 1 Days 0 Hrs | T22: =IF($E22=0,"",FLOOR($AE22*3,1)&" Days"&TEXT(SUM($AE22-TIME(8,0,0)*FLOOR($AE22*3,1))," h")&" Hrs") -> 1 Days 0 Hrs | U22: =IF($E22=0,"",FLOOR($AF22*3,1)& " Days"&TEXT(SUM($AF22-TIME(8,0,0)*FLOOR($AF22*3,1))," h") & " Hrs") -> 0 Days 4 Hrs | V22: =IF($E22=0,"",STIG_Metrics!R22) -> 0 | W22: =IF($E22=0,"",STIG_Metrics!S22) -> 0 | X22: =IF($E22=0,"",STIG_Metrics!T22) -> 0.86206897 | Y22: =IF($E22=0,"",((K22*$E$8/60)*$E$7)) -> 1020.6 | Z22: =IF($E22=0,"",((O22*$E$8/60)*$E$7)) -> 1020.6 | AA22: =IF($E22=0,"",((P22*$E$8/60)*$E$7)) -> 1020.6 | AB22: =IF($E22=0,"",((Q22*$E$8/60)*$E$7)) -> 548.1 | AC22: =IF($E22=0,"",IF(STIG_Metrics!N22=60,0,($E22/STIG_Metrics!N22)/24)) -> 0.3375 | AD22: =IF($E22=0,"",IF(STIG_Metrics!O22=60,0,($E22/STIG_Metrics!O22)/24)) -> 0.3375 | AE22: =IF($E22=0,"",IF(STIG_Metrics!P22=60,0,($E22/STIG_Metrics!P22)/24)) -> 0.3375 | AF22: =IF($E22=0,"",IF(STIG_Metrics!Q22=60,0,($E22/STIG_Metrics!Q22)/24)) -> 0.18125 | AG22: =IF($E22=0,"",$AD22-$AF22) -> 0.15625 | AH22: =IF($E22=0,"",$AE22-$AF22) -> 0.15625 | AI22: =IF($E22=0,"",$E22/STIG_Metrics!N22) -> 8.1 | AJ22: =IF($E22=0,"",$E22/STIG_Metrics!O22) -> 8.1 | AK22: =IF($E22=0,"",$E22/STIG_Metrics!P22) -> 8.1 | AL22: =IF($E22=0,"",$E22/STIG_Metrics!Q22) -> 4.35
D23: =(STIG_Metrics!A23) -> Apache Server 2.4 Windows Site | E23: 2 | G23: =IF(E23=0,"",(AG23*24)*4) -> 12.6 | H23: =IF(E23=0,"",PRODUCT($G23,$E$7)) -> 1587.6 | I23: =IF(E23=0,"",(AH23*24)*4) -> 12.6 | J23: =IF(E23=0,"",PRODUCT($I23,$E$7)) -> 1587.6 | K23: =IF($E23=0,"",(STIG_Metrics!E23)*$E23) -> 72 | L23: =IF($E23=0,"",(STIG_Metrics!F23)*$E23) -> 0 | M23: =IF($E23=0,"",(STIG_Metrics!G23)*$E23) -> 0 | N23: =IF($E23=0,"",(STIG_Metrics!H23)*$E23) -> 42 | O23: =IF($E23=0,"",(STIG_Metrics!E23-STIG_Metrics!F23)*$E23) -> 72 | P23: =IF($E23=0,"",(STIG_Metrics!E23-STIG_Metrics!G23)*$E23) -> 72 | Q23: =IF($E23=0,"",(STIG_Metrics!E23-STIG_Metrics!H23)*$E23) -> 30 | R23: =IF($E23=0,"",FLOOR($AC23*3,1)&" Days"&TEXT(SUM($AC23-TIME(8,0,0)*FLOOR($AC23*3,1))," h")&" Hrs") -> 0 Days 5 Hrs | S23: =IF($E23=0,"",FLOOR($AD23*3,1)&" Days"&TEXT(SUM($AD23-TIME(8,0,0)*FLOOR($AD23*3,1))," h")&" Hrs") -> 0 Days 5 Hrs | T23: =IF($E23=0,"",FLOOR($AE23*3,1)&" Days"&TEXT(SUM($AE23-TIME(8,0,0)*FLOOR($AE23*3,1))," h")&" Hrs") -> 0 Days 5 Hrs | U23: =IF($E23=0,"",FLOOR($AF23*3,1)& " Days"&TEXT(SUM($AF23-TIME(8,0,0)*FLOOR($AF23*3,1))," h") & " Hrs") -> 0 Days 2 Hrs | V23: =IF($E23=0,"",STIG_Metrics!R23) -> 0 | W23: =IF($E23=0,"",STIG_Metrics!S23) -> 0 | X23: =IF($E23=0,"",STIG_Metrics!T23) -> 1.4 | Y23: =IF($E23=0,"",((K23*$E$8/60)*$E$7)) -> 680.4 | Z23: =IF($E23=0,"",((O23*$E$8/60)*$E$7)) -> 680.4 | AA23: =IF($E23=0,"",((P23*$E$8/60)*$E$7)) -> 680.4 | AB23: =IF($E23=0,"",((Q23*$E$8/60)*$E$7)) -> 283.5 | AC23: =IF($E23=0,"",IF(STIG_Metrics!N23=60,0,($E23/STIG_Metrics!N23)/24)) -> 0.225 | AD23: =IF($E23=0,"",IF(STIG_Metrics!O23=60,0,($E23/STIG_Metrics!O23)/24)) -> 0.225 | AE23: =IF($E23=0,"",IF(STIG_Metrics!P23=60,0,($E23/STIG_Metrics!P23)/24)) -> 0.225 | AF23: =IF($E23=0,"",IF(STIG_Metrics!Q23=60,0,($E23/STIG_Metrics!Q23)/24)) -> 0.09375 | AG23: =IF($E23=0,"",$AD23-$AF23) -> 0.13125 | AH23: =IF($E23=0,"",$AE23-$AF23) -> 0.13125 | AI23: =IF($E23=0,"",$E23/STIG_Metrics!N23) -> 5.4 | AJ23: =IF($E23=0,"",$E23/STIG_Metrics!O23) -> 5.4 | AK23: =IF($E23=0,"",$E23/STIG_Metrics!P23) -> 5.4 | AL23: =IF($E23=0,"",$E23/STIG_Metrics!Q23) -> 2.25
D24: =(STIG_Metrics!A24) -> Apache Tomcat Application Server 9 | E24: 0 | G24: =IF(E24=0,"",(AG24*24)*4) | H24: =IF(E24=0,"",PRODUCT($G24,$E$7)) | I24: =IF(E24=0,"",(AH24*24)*4) | J24: =IF(E24=0,"",PRODUCT($I24,$E$7)) | K24: =IF($E24=0,"",(STIG_Metrics!E24)*$E24) | L24: =IF($E24=0,"",(STIG_Metrics!F24)*$E24) | M24: =IF($E24=0,"",(STIG_Metrics!G24)*$E24) | N24: =IF($E24=0,"",(STIG_Metrics!H24)*$E24) | O24: =IF($E24=0,"",(STIG_Metrics!E24-STIG_Metrics!F24)*$E24) | P24: =IF($E24=0,"",(STIG_Metrics!E24-STIG_Metrics!G24)*$E24) | Q24: =IF($E24=0,"",(STIG_Metrics!E24-STIG_Metrics!H24)*$E24) | R24: =IF($E24=0,"",FLOOR($AC24*3,1)&" Days"&TEXT(SUM($AC24-TIME(8,0,0)*FLOOR($AC24*3,1))," h")&" Hrs") | S24: =IF($E24=0,"",FLOOR($AD24*3,1)&" Days"&TEXT(SUM($AD24-TIME(8,0,0)*FLOOR($AD24*3,1))," h")&" Hrs") | T24: =IF($E24=0,"",FLOOR($AE24*3,1)&" Days"&TEXT(SUM($AE24-TIME(8,0,0)*FLOOR($AE24*3,1))," h")&" Hrs") | U24: =IF($E24=0,"",FLOOR($AF24*3,1)& " Days"&TEXT(SUM($AF24-TIME(8,0,0)*FLOOR($AF24*3,1))," h") & " Hrs") | V24: =IF($E24=0,"",STIG_Metrics!R24) | W24: =IF($E24=0,"",STIG_Metrics!S24) | X24: =IF($E24=0,"",STIG_Metrics!T24) | Y24: =IF($E24=0,"",((K24*$E$8/60)*$E$7)) | Z24: =IF($E24=0,"",((O24*$E$8/60)*$E$7)) | AA24: =IF($E24=0,"",((P24*$E$8/60)*$E$7)) | AB24: =IF($E24=0,"",((Q24*$E$8/60)*$E$7)) | AC24: =IF($E24=0,"",IF(STIG_Metrics!N24=60,0,($E24/STIG_Metrics!N24)/24)) | AD24: =IF($E24=0,"",IF(STIG_Metrics!O24=60,0,($E24/STIG_Metrics!O24)/24)) | AE24: =IF($E24=0,"",IF(STIG_Metrics!P24=60,0,($E24/STIG_Metrics!P24)/24)) | AF24: =IF($E24=0,"",IF(STIG_Metrics!Q24=60,0,($E24/STIG_Metrics!Q24)/24)) | AG24: =IF($E24=0,"",$AD24-$AF24) | AH24: =IF($E24=0,"",$AE24-$AF24) | AI24: =IF($E24=0,"",$E24/STIG_Metrics!N24) | AJ24: =IF($E24=0,"",$E24/STIG_Metrics!O24) | AK24: =IF($E24=0,"",$E24/STIG_Metrics!P24) | AL24: =IF($E24=0,"",$E24/STIG_Metrics!Q24)
D25: =(STIG_Metrics!A25) -> ArcGIS for Server 10.3 | E25: 0 | G25: =IF(E25=0,"",(AG25*24)*4) | H25: =IF(E25=0,"",PRODUCT($G25,$E$7)) | I25: =IF(E25=0,"",(AH25*24)*4) | J25: =IF(E25=0,"",PRODUCT($I25,$E$7)) | K25: =IF($E25=0,"",(STIG_Metrics!E25)*$E25) | L25: =IF($E25=0,"",(STIG_Metrics!F25)*$E25) | M25: =IF($E25=0,"",(STIG_Metrics!G25)*$E25) | N25: =IF($E25=0,"",(STIG_Metrics!H25)*$E25) | O25: =IF($E25=0,"",(STIG_Metrics!E25-STIG_Metrics!F25)*$E25) | P25: =IF($E25=0,"",(STIG_Metrics!E25-STIG_Metrics!G25)*$E25) | Q25: =IF($E25=0,"",(STIG_Metrics!E25-STIG_Metrics!H25)*$E25) | R25: =IF($E25=0,"",FLOOR($AC25*3,1)&" Days"&TEXT(SUM($AC25-TIME(8,0,0)*FLOOR($AC25*3,1))," h")&" Hrs") | S25: =IF($E25=0,"",FLOOR($AD25*3,1)&" Days"&TEXT(SUM($AD25-TIME(8,0,0)*FLOOR($AD25*3,1))," h")&" Hrs") | T25: =IF($E25=0,"",FLOOR($AE25*3,1)&" Days"&TEXT(SUM($AE25-TIME(8,0,0)*FLOOR($AE25*3,1))," h")&" Hrs") | U25: =IF($E25=0,"",FLOOR($AF25*3,1)& " Days"&TEXT(SUM($AF25-TIME(8,0,0)*FLOOR($AF25*3,1))," h") & " Hrs") | V25: =IF($E25=0,"",STIG_Metrics!R25) | W25: =IF($E25=0,"",STIG_Metrics!S25) | X25: =IF($E25=0,"",STIG_Metrics!T25) | Y25: =IF($E25=0,"",((K25*$E$8/60)*$E$7)) | Z25: =IF($E25=0,"",((O25*$E$8/60)*$E$7)) | AA25: =IF($E25=0,"",((P25*$E$8/60)*$E$7)) | AB25: =IF($E25=0,"",((Q25*$E$8/60)*$E$7)) | AC25: =IF($E25=0,"",IF(STIG_Metrics!N25=60,0,($E25/STIG_Metrics!N25)/24)) | AD25: =IF($E25=0,"",IF(STIG_Metrics!O25=60,0,($E25/STIG_Metrics!O25)/24)) | AE25: =IF($E25=0,"",IF(STIG_Metrics!P25=60,0,($E25/STIG_Metrics!P25)/24)) | AF25: =IF($E25=0,"",IF(STIG_Metrics!Q25=60,0,($E25/STIG_Metrics!Q25)/24)) | AG25: =IF($E25=0,"",$AD25-$AF25) | AH25: =IF($E25=0,"",$AE25-$AF25) | AI25: =IF($E25=0,"",$E25/STIG_Metrics!N25) | AJ25: =IF($E25=0,"",$E25/STIG_Metrics!O25) | AK25: =IF($E25=0,"",$E25/STIG_Metrics!P25) | AL25: =IF($E25=0,"",$E25/STIG_Metrics!Q25)
D26: =(STIG_Metrics!A26) -> Canonical Ubuntu 16.04 LTS | E26: 0 | G26: =IF(E26=0,"",(AG26*24)*4) | H26: =IF(E26=0,"",PRODUCT($G26,$E$7)) | I26: =IF(E26=0,"",(AH26*24)*4) | J26: =IF(E26=0,"",PRODUCT($I26,$E$7)) | K26: =IF($E26=0,"",(STIG_Metrics!E26)*$E26) | L26: =IF($E26=0,"",(STIG_Metrics!F26)*$E26) | M26: =IF($E26=0,"",(STIG_Metrics!G26)*$E26) | N26: =IF($E26=0,"",(STIG_Metrics!H26)*$E26) | O26: =IF($E26=0,"",(STIG_Metrics!E26-STIG_Metrics!F26)*$E26) | P26: =IF($E26=0,"",(STIG_Metrics!E26-STIG_Metrics!G26)*$E26) | Q26: =IF($E26=0,"",(STIG_Metrics!E26-STIG_Metrics!H26)*$E26) | R26: =IF($E26=0,"",FLOOR($AC26*3,1)&" Days"&TEXT(SUM($AC26-TIME(8,0,0)*FLOOR($AC26*3,1))," h")&" Hrs") | S26: =IF($E26=0,"",FLOOR($AD26*3,1)&" Days"&TEXT(SUM($AD26-TIME(8,0,0)*FLOOR($AD26*3,1))," h")&" Hrs") | T26: =IF($E26=0,"",FLOOR($AE26*3,1)&" Days"&TEXT(SUM($AE26-TIME(8,0,0)*FLOOR($AE26*3,1))," h")&" Hrs") | U26: =IF($E26=0,"",FLOOR($AF26*3,1)& " Days"&TEXT(SUM($AF26-TIME(8,0,0)*FLOOR($AF26*3,1))," h") & " Hrs") | V26: =IF($E26=0,"",STIG_Metrics!R26) | W26: =IF($E26=0,"",STIG_Metrics!S26) | X26: =IF($E26=0,"",STIG_Metrics!T26) | Y26: =IF($E26=0,"",((K26*$E$8/60)*$E$7)) | Z26: =IF($E26=0,"",((O26*$E$8/60)*$E$7)) | AA26: =IF($E26=0,"",((P26*$E$8/60)*$E$7)) | AB26: =IF($E26=0,"",((Q26*$E$8/60)*$E$7)) | AC26: =IF($E26=0,"",IF(STIG_Metrics!N26=60,0,($E26/STIG_Metrics!N26)/24)) | AD26: =IF($E26=0,"",IF(STIG_Metrics!O26=60,0,($E26/STIG_Metrics!O26)/24)) | AE26: =IF($E26=0,"",IF(STIG_Metrics!P26=60,0,($E26/STIG_Metrics!P26)/24)) | AF26: =IF($E26=0,"",IF(STIG_Metrics!Q26=60,0,($E26/STIG_Metrics!Q26)/24)) | AG26: =IF($E26=0,"",$AD26-$AF26) | AH26: =IF($E26=0,"",$AE26-$AF26) | AI26: =IF($E26=0,"",$E26/STIG_Metrics!N26) | AJ26: =IF($E26=0,"",$E26/STIG_Metrics!O26) | AK26: =IF($E26=0,"",$E26/STIG_Metrics!P26) | AL26: =IF($E26=0,"",$E26/STIG_Metrics!Q26)
D27: =(STIG_Metrics!A27) -> Canonical Ubuntu 18.04 LTS | E27: 0 | G27: =IF(E27=0,"",(AG27*24)*4) | H27: =IF(E27=0,"",PRODUCT($G27,$E$7)) | I27: =IF(E27=0,"",(AH27*24)*4) | J27: =IF(E27=0,"",PRODUCT($I27,$E$7)) | K27: =IF($E27=0,"",(STIG_Metrics!E27)*$E27) | L27: =IF($E27=0,"",(STIG_Metrics!F27)*$E27) | M27: =IF($E27=0,"",(STIG_Metrics!G27)*$E27) | N27: =IF($E27=0,"",(STIG_Metrics!H27)*$E27) | O27: =IF($E27=0,"",(STIG_Metrics!E27-STIG_Metrics!F27)*$E27) | P27: =IF($E27=0,"",(STIG_Metrics!E27-STIG_Metrics!G27)*$E27) | Q27: =IF($E27=0,"",(STIG_Metrics!E27-STIG_Metrics!H27)*$E27) | R27: =IF($E27=0,"",FLOOR($AC27*3,1)&" Days"&TEXT(SUM($AC27-TIME(8,0,0)*FLOOR($AC27*3,1))," h")&" Hrs") | S27: =IF($E27=0,"",FLOOR($AD27*3,1)&" Days"&TEXT(SUM($AD27-TIME(8,0,0)*FLOOR($AD27*3,1))," h")&" Hrs") | T27: =IF($E27=0,"",FLOOR($AE27*3,1)&" Days"&TEXT(SUM($AE27-TIME(8,0,0)*FLOOR($AE27*3,1))," h")&" Hrs") | U27: =IF($E27=0,"",FLOOR($AF27*3,1)& " Days"&TEXT(SUM($AF27-TIME(8,0,0)*FLOOR($AF27*3,1))," h") & " Hrs") | V27: =IF($E27=0,"",STIG_Metrics!R27) | W27: =IF($E27=0,"",STIG_Metrics!S27) | X27: =IF($E27=0,"",STIG_Metrics!T27) | Y27: =IF($E27=0,"",((K27*$E$8/60)*$E$7)) | Z27: =IF($E27=0,"",((O27*$E$8/60)*$E$7)) | AA27: =IF($E27=0,"",((P27*$E$8/60)*$E$7)) | AB27: =IF($E27=0,"",((Q27*$E$8/60)*$E$7)) | AC27: =IF($E27=0,"",IF(STIG_Metrics!N27=60,0,($E27/STIG_Metrics!N27)/24)) | AD27: =IF($E27=0,"",IF(STIG_Metrics!O27=60,0,($E27/STIG_Metrics!O27)/24)) | AE27: =IF($E27=0,"",IF(STIG_Metrics!P27=60,0,($E27/STIG_Metrics!P27)/24)) | AF27: =IF($E27=0,"",IF(STIG_Metrics!Q27=60,0,($E27/STIG_Metrics!Q27)/24)) | AG27: =IF($E27=0,"",$AD27-$AF27) | AH27: =IF($E27=0,"",$AE27-$AF27) | AI27: =IF($E27=0,"",$E27/STIG_Metrics!N27) | AJ27: =IF($E27=0,"",$E27/STIG_Metrics!O27) | AK27: =IF($E27=0,"",$E27/STIG_Metrics!P27) | AL27: =IF($E27=0,"",$E27/STIG_Metrics!Q27)
D28: =(STIG_Metrics!A28) -> Canonical Ubuntu 20.04 LTS | E28: 0 | G28: =IF(E28=0,"",(AG28*24)*4) | H28: =IF(E28=0,"",PRODUCT($G28,$E$7)) | I28: =IF(E28=0,"",(AH28*24)*4) | J28: =IF(E28=0,"",PRODUCT($I28,$E$7)) | K28: =IF($E28=0,"",(STIG_Metrics!E28)*$E28) | L28: =IF($E28=0,"",(STIG_Metrics!F28)*$E28) | M28: =IF($E28=0,"",(STIG_Metrics!G28)*$E28) | N28: =IF($E28=0,"",(STIG_Metrics!H28)*$E28) | O28: =IF($E28=0,"",(STIG_Metrics!E28-STIG_Metrics!F28)*$E28) | P28: =IF($E28=0,"",(STIG_Metrics!E28-STIG_Metrics!G28)*$E28) | Q28: =IF($E28=0,"",(STIG_Metrics!E28-STIG_Metrics!H28)*$E28) | R28: =IF($E28=0,"",FLOOR($AC28*3,1)&" Days"&TEXT(SUM($AC28-TIME(8,0,0)*FLOOR($AC28*3,1))," h")&" Hrs") | S28: =IF($E28=0,"",FLOOR($AD28*3,1)&" Days"&TEXT(SUM($AD28-TIME(8,0,0)*FLOOR($AD28*3,1))," h")&" Hrs") | T28: =IF($E28=0,"",FLOOR($AE28*3,1)&" Days"&TEXT(SUM($AE28-TIME(8,0,0)*FLOOR($AE28*3,1))," h")&" Hrs") | U28: =IF($E28=0,"",FLOOR($AF28*3,1)& " Days"&TEXT(SUM($AF28-TIME(8,0,0)*FLOOR($AF28*3,1))," h") & " Hrs") | V28: =IF($E28=0,"",STIG_Metrics!R28) | W28: =IF($E28=0,"",STIG_Metrics!S28) | X28: =IF($E28=0,"",STIG_Metrics!T28) | Y28: =IF($E28=0,"",((K28*$E$8/60)*$E$7)) | Z28: =IF($E28=0,"",((O28*$E$8/60)*$E$7)) | AA28: =IF($E28=0,"",((P28*$E$8/60)*$E$7)) | AB28: =IF($E28=0,"",((Q28*$E$8/60)*$E$7)) | AC28: =IF($E28=0,"",IF(STIG_Metrics!N28=60,0,($E28/STIG_Metrics!N28)/24)) | AD28: =IF($E28=0,"",IF(STIG_Metrics!O28=60,0,($E28/STIG_Metrics!O28)/24)) | AE28: =IF($E28=0,"",IF(STIG_Metrics!P28=60,0,($E28/STIG_Metrics!P28)/24)) | AF28: =IF($E28=0,"",IF(STIG_Metrics!Q28=60,0,($E28/STIG_Metrics!Q28)/24)) | AG28: =IF($E28=0,"",$AD28-$AF28) | AH28: =IF($E28=0,"",$AE28-$AF28) | AI28: =IF($E28=0,"",$E28/STIG_Metrics!N28) | AJ28: =IF($E28=0,"",$E28/STIG_Metrics!O28) | AK28: =IF($E28=0,"",$E28/STIG_Metrics!P28) | AL28: =IF($E28=0,"",$E28/STIG_Metrics!Q28)
... D117: =(STIG_Metrics!A117) -> Windows Server 2008 R2 Member Server | E117: 0 | G117: =IF(E117=0,"",(AG117*24)*4) | H117: =IF(E117=0,"",PRODUCT($G117,$E$7)) | I117: =IF(E117=0,"",(AH117*24)*4) | J117: =IF(E117=0,"",PRODUCT($I117,$E$7)) | K117: =IF($E117=0,"",(STIG_Metrics!E117)*$E117) | L117: =IF($E117=0,"",(STIG_Metrics!F117)*$E117) | M117: =IF($E117=0,"",(STIG_Metrics!G117)*$E117) | N117: =IF($E117=0,"",(STIG_Metrics!H117)*$E117) | O117: =IF($E117=0,"",(STIG_Metrics!E117-STIG_Metrics!F117)*$E117) | P117: =IF($E117=0,"",(STIG_Metrics!E117-STIG_Metrics!G117)*$E117) | Q117: =IF($E117=0,"",(STIG_Metrics!E117-STIG_Metrics!H117)*$E117) | R117: =IF($E117=0,"",FLOOR($AC117*3,1)&" Days"&TEXT(SUM($AC117-TIME(8,0,0)*FLOOR($AC117*3,1))," h")&" Hrs") | S117: =IF($E117=0,"",FLOOR($AD117*3,1)&" Days"&TEXT(SUM($AD117-TIME(8,0,0)*FLOOR($AD117*3,1))," h")&" Hrs") | T117: =IF($E117=0,"",FLOOR($AE117*3,1)&" Days"&TEXT(SUM($AE117-TIME(8,0,0)*FLOOR($AE117*3,1))," h")&" Hrs") | U117: =IF($E117=0,"",FLOOR($AF117*3,1)& " Days"&TEXT(SUM($AF117-TIME(8,0,0)*FLOOR($AF117*3,1))," h") & " Hrs") | V117: =IF($E117=0,"",STIG_Metrics!R117) | W117: =IF($E117=0,"",STIG_Metrics!S117) | X117: =IF($E117=0,"",STIG_Metrics!T117) | Y117: =IF($E117=0,"",((K117*$E$8/60)*$E$7)) | Z117: =IF($E117=0,"",((O117*$E$8/60)*$E$7)) | AA117: =IF($E117=0,"",((P117*$E$8/60)*$E$7)) | AB117: =IF($E117=0,"",((Q117*$E$8/60)*$E$7)) | AC117: =IF($E117=0,"",IF(STIG_Metrics!N117=60,0,($E117/STIG_Metrics!N117)/24)) | AD117: =IF($E117=0,"",IF(STIG_Metrics!O117=60,0,($E117/STIG_Metrics!O117)/24)) | AE117: =IF($E117=0,"",IF(STIG_Metrics!P117=60,0,($E117/STIG_Metrics!P117)/24)) | AF117: =IF($E117=0,"",IF(STIG_Metrics!Q117=60,0,($E117/STIG_Metrics!Q117)/24)) | AG117: =IF($E117=0,"",$AD117-$AF117) | AH117: =IF($E117=0,"",$AE117-$AF117) | AI117: =IF($E117=0,"",$E117/STIG_Metrics!N117) | AJ117: =IF($E117=0,"",$E117/STIG_Metrics!O117) | AK117: =IF($E117=0,"",$E117/STIG_Metrics!P117) | AL117: =IF($E117=0,"",$E117/STIG_Metrics!Q117)
D118: [Hide this row] | AC118: =SUM(AC12:AC117) -> 4812.95 | AD118: =SUM(AD12:AD117) -> 854.7875 | AE118: =SUM(AE12:AE117) -> 576.32187 | AF118: =SUM(AF12:AF117) -> 105.12813 | AG118: =SUM(AG12:AG117) -> 749.65937 | AH118: =SUM(AH12:AH117) -> 471.19375 | AI118: =SUM(AI12:AI117) -> 115510.8 | AJ118: =SUM(AJ12:AJ117) -> 20548.15 | ... AL118: =SUM(AL12:AL117) -> 2675.975
D119: [Hide this row] | AC119: =AC118*3 -> 14438.85 | AD119: =AD118*3 -> 2564.3625 | AE119: =AE118*3 -> 1728.9656 | AF119: =AF118*3 -> 315.38438
L122: [Hide this column] | M122: [Hide this column] | N122: [Hide this column] | R122: [Hide this column] | V122: [Hide this column] | W122: [Hide this column] | X122: [Hide this column] | Y122: [Hide this column] | Z122: [Hide this column] | AA122: [Hide this column] | AB122: [Hide this column] | AC122: [Hide this column] | AD122: [Hide this column] | AE122: [Hide this column] | AF122: [Hide this column] | AG122: [Hide this column] | AH122: [Hide this column] | AI122: [Hide this column] | AJ122: [Hide this column] | AK122: [Hide this column] | AL122: [Hide this column] | AM122: [Hide this column] | AN122: [Hide this column] | AO122: [Hide this column] | AP122: [Hide this column] | AQ122: [Hide this column] | AR122: [Hide this column] | AS122: [Hide this column] | AT122: [Hide this column] | AU122: [Hide this column] | AV122: [Hide this column] | AW122: [Hide this column] | AX122: [Hide this column]

Sheet Charts
CJ2: Total Automated Checks
CL3: Total | CM3: Percentage | CN3: Label
CJ4: Total Checks | CL4: =Calculator!K7 -> 1540144 | CM4: =CL4/CL4 -> 1 | CN4: =CL4 -> 1540144
CJ5: DISA SCAP | CL5: =Calculator!L7 -> 1266612 | CM5: =CL5/CL4 -> 0.82239843 | CN5: =TEXT(CL5,"#,##")&CHAR(10)&" ("&TEXT(CM5,"0.0%")&")" -> 1,266,612 (82.2%)
CJ6: NIWC SCAP | CL6: =Calculator!M7 -> 1355721 | CM6: =CL6/CL4 -> 0.880256 | CN6: =TEXT(CL6,"#,##")&CHAR(10)&" ("&TEXT(CM6,"0.0%")&")" -> 1,355,721 (88.0%)
CJ7: Evaluate-STIG | CL7: =Calculator!N7 -> 1506503 | CM7: =CL7/CL4 -> 0.97815724 | CN7: =TEXT(CL7,"#,##")&CHAR(10)&" ("&TEXT(CM7,"0.0%")&")" -> 1,506,503 (97.8%)
CJ9: Total Non-Automated Checks (Remaining "NR")
CL10: Total | CM10: Percentage | CN10: Label
CJ11: Total Checks | CL11: =Calculator!K7 -> 1540144 | CM11: =CL11/CL11 -> 1 | CN11: =CL11 -> 1540144
CJ12: DISA SCAP | CL12: =Calculator!O7 -> 273532 | CM12: =CL12/CL11 -> 0.17760157 | CN12: =TEXT(CL12,"#,##")&CHAR(10)&" ("&TEXT(CM12,"0.0%")&")" -> 273,532 (17.8%)
CJ13: NIWC SCAP | CL13: =Calculator!P7 -> 184423 | CM13: =CL13/CL11 -> 0.119744 | CN13: =TEXT(CL13,"#,##")&CHAR(10)&" ("&TEXT(CM13,"0.0%")&")" -> 184,423 (12.0%)
CJ14: Evaluate-STIG | CL14: =Calculator!Q7 -> 33641 | CM14: =CL14/CL11 -> 0.021842763 | CN14: =TEXT(CL14,"#,##")&CHAR(10)&" ("&TEXT(CM14,"0.0%")&")" -> 33,641 (2.2%)
CI30: Annual Cost Avoidance Over Manual Review
CJ31: DISA SCAP | CK31: NIWC SCAP | CL31: Evaluate-STIG | CM31: Avoidance Over DISA SCAP | CN31: Avoidance Over NIWC SCAP | CO31: Label
CI32: Q1 | CJ32: =Calculator!AU12 -> 11969483 | CK32: =Calculator!AU13 -> 12811563 | CL32: =Calculator!AU14 -> 14236453 | CM32: =CJ32+((CL32-CJ32)/2) -> 13102968 | CN32: =CK32+((CL32-CK32)/2) -> 13524008 | CO32: =CL32-CJ32 -> 2266970
CI33: Q2 | CJ33: =Calculator!AV12 -> 23938967 | CK33: =Calculator!AV13 -> 25623127 | CL33: =Calculator!AV14 -> 28472907 | CM33: =CJ33+((CL33-CJ33)/2) -> 26205937 | CN33: =CK33+((CL33-CK33)/2) -> 27048017 | CO33: =CL33-CJ33 -> 4533939.9
CI34: Q3 | CJ34: =Calculator!AW12 -> 35908450 | CK34: =Calculator!AW13 -> 38434690 | CL34: =Calculator!AW14 -> 42709360 | CM34: =CJ34+((CL34-CJ34)/2) -> 39308905 | CN34: =CK34+((CL34-CK34)/2) -> 40572025 | CO34: =CL34-CJ34 -> 6800909.9
CI35: Q4 | CJ35: =Calculator!AX12 -> 47877934 | CK35: =Calculator!AX13 -> 51246254 | CL35: =Calculator!AX14 -> 56945813 | CM35: =CJ35+((CL35-CJ35)/2) -> 52411873 | CN35: =CK35+((CL35-CK35)/2) -> 54096034 | CO35: =CL35-CJ35 -> 9067879.8

Sheet STIG_Metrics
A1: Evaluate-STIG Per-Checklist Metrics (Out-of-Box Configuration / "Unclassified" ScanType / Evaluate-STIG Path to "NF") Updated: 12/10/2025
A2: This row intentially blank
A3: This row intentially blank
A4: This row intentially blank
A5: This row intentially blank
A6: This row intentially blank
A7: This row intentially blank
A8: This row intentially blank
A9: This row intentially blank
A10: This row intentially blank
A11: STIG Supported by Evaluate-STIG | B11: DISA STIG Status | C11: DISA Benchmark Available | D11: NIWC Enhanced Benchmark Available | E11: Total STIG Checks | F11: Total Completed Checks: DISA SCAP | G11: Total Completed Checks: NIWC Enhanced SCAP | H11: Total Completed Checks: Evaluate-STIG | I11: Total Completed Checks: Evaluate-STIG Over DISA SCAP | J11: Total Completed Checks: Evaluate-STIG Over NIWC Enhanced SCAP | K11: Time to Complete (Minutes): Manual | L11: Time Savings (Minutes): Evaluate-STIG Over DISA SCAP | M11: Time Savings (Minutes): Evaluate-STIG Over NIWC Enhanced SCAP | N11: STIGS Per Hour: Manual | O11: STIGS Per Hour: DISA SCAP | P11: STIGS Per Hour: NIWC Enhanced SCAP | Q11: STIGS Per Hour: Evaluate-STIG | R11: Productivity Gain: DISA SCAP over Manual | S11: Productivity Gain: NIWC Enhanced SCAP over Manual | T11: Productivity Gain: Evaluate-STIG Over Manual | U11: Productivity Gain: Evaluate-STIG Over DISA SCAP | V11: Productivity Gain: Evaluate-STIG Over NIWC Enhanced SCAP | W11: CKL Completion (Finalized Checks): DISA SCAP | X11: CKL Completion (Finalized Checks): NIWC SCAP | Y11: CKL Completion (Finalized Checks): Evaluate-STIG | AA11: DISA Status Dropdown
A12: Active Directory Domain | B12: Active | E12: 36 | F12: 0 | G12: 0 | H12: 20 | I12: =H12-F12 -> 20 | J12: =H12-G12 -> 20 | K12: =PRODUCT($E12,Calculator!$E$8) -> 162 | L12: =PRODUCT($I12,Calculator!$E$8) -> 90 | M12: =PRODUCT($J12,Calculator!$E$8) -> 90 | N12: =60/($E12*Calculator!$E$8) -> 0.37037037 | O12: =IF(($E12=$F12),60,60/(($E12-$F12)*Calculator!$E$8)) -> 0.37037037 | P12: =IF(($E12=$G12),60,60/(($E12-$G12)*Calculator!$E$8)) -> 0.37037037 | Q12: =IF(($E12=$H12),60,60/(($E12-$H12)*Calculator!$E$8)) -> 0.83333333 | R12: =(O12-N12)/N12 -> 0 | S12: =(P12-N12)/N12 -> 0 | T12: =(Q12-N12)/N12 -> 1.25 | U12: =(Q12-O12)/O12 -> 1.25 | V12: =(Q12-P12)/P12 -> 1.25 | W12: =F12/E12 -> 0 | X12: =G12/E12 -> 0 | Y12: =H12/E12 -> 0.55555556 | AA12: Active
A13: Active Directory Forest | B13: Active | E13: 7 | F13: 0 | G13: 0 | H13: 3 | I13: =H13-F13 -> 3 | J13: =H13-G13 -> 3 | K13: =PRODUCT($E13,Calculator!$E$8) -> 31.5 | L13: =PRODUCT($I13,Calculator!$E$8) -> 13.5 | M13: =PRODUCT($J13,Calculator!$E$8) -> 13.5 | N13: =60/($E13*Calculator!$E$8) -> 1.9047619 | O13: =IF(($E13=$F13),60,60/(($E13-$F13)*Calculator!$E$8)) -> 1.9047619 | P13: =IF(($E13=$G13),60,60/(($E13-$G13)*Calculator!$E$8)) -> 1.9047619 | Q13: =IF(($E13=$H13),60,60/(($E13-$H13)*Calculator!$E$8)) -> 3.3333333 | R13: =(O13-N13)/N13 -> 0 | S13: =(P13-N13)/N13 -> 0 | T13: =(Q13-N13)/N13 -> 0.75 | U13: =(Q13-O13)/O13 -> 0.75 | V13: =(Q13-P13)/P13 -> 0.75 | W13: =F13/E13 -> 0 | X13: =G13/E13 -> 0 | Y13: =H13/E13 -> 0.42857143 | AA13: Sunset
A14: Adobe Acrobat Pro XI | B14: Deprecated | E14: 26 | F14: 0 | G14: 0 | H14: 25 | I14: =H14-F14 -> 25 | J14: =H14-G14 -> 25 | K14: =PRODUCT($E14,Calculator!$E$8) -> 117 | L14: =PRODUCT($I14,Calculator!$E$8) -> 112.5 | M14: =PRODUCT($J14,Calculator!$E$8) -> 112.5 | N14: =60/($E14*Calculator!$E$8) -> 0.51282051 | O14: =IF(($E14=$F14),60,60/(($E14-$F14)*Calculator!$E$8)) -> 0.51282051 | P14: =IF(($E14=$G14),60,60/(($E14-$G14)*Calculator!$E$8)) -> 0.51282051 | Q14: =IF(($E14=$H14),60,60/(($E14-$H14)*Calculator!$E$8)) -> 13.333333 | R14: =(O14-N14)/N14 -> 0 | S14: =(P14-N14)/N14 -> 0 | T14: =(Q14-N14)/N14 -> 25 | U14: =(Q14-O14)/O14 -> 25 | V14: =(Q14-P14)/P14 -> 25 | W14: =F14/E14 -> 0 | X14: =G14/E14 -> 0 | Y14: =H14/E14 -> 0.96153846 | AA14: Deprecated
A15: Adobe Acrobat Professional DC Classic Track | B15: Deprecated | E15: 23 | F15: 0 | G15: 0 | H15: 23 | I15: =H15-F15 -> 23 | J15: =H15-G15 -> 23 | K15: =PRODUCT($E15,Calculator!$E$8) -> 103.5 | L15: =PRODUCT($I15,Calculator!$E$8) -> 103.5 | M15: =PRODUCT($J15,Calculator!$E$8) -> 103.5 | N15: =60/($E15*Calculator!$E$8) -> 0.57971014 | O15: =IF(($E15=$F15),60,60/(($E15-$F15)*Calculator!$E$8)) -> 0.57971014 | P15: =IF(($E15=$G15),60,60/(($E15-$G15)*Calculator!$E$8)) -> 0.57971014 | Q15: =IF(($E15=$H15),60,60/(($E15-$H15)*Calculator!$E$8)) -> 60 | R15: =(O15-N15)/N15 -> 0 | S15: =(P15-N15)/N15 -> 0 | T15: =(Q15-N15)/N15 -> 102.5 | U15: =(Q15-O15)/O15 -> 102.5 | V15: =(Q15-P15)/P15 -> 102.5 | W15: =F15/E15 -> 0 | X15: =G15/E15 -> 0 | Y15: =H15/E15 -> 1
A16: Adobe Acrobat Professional DC Continuous Track | B16: Active | E16: 23 | F16: 0 | G16: 0 | H16: 22 | I16: =H16-F16 -> 22 | J16: =H16-G16 -> 22 | K16: =PRODUCT($E16,Calculator!$E$8) -> 103.5 | L16: =PRODUCT($I16,Calculator!$E$8) -> 99 | M16: =PRODUCT($J16,Calculator!$E$8) -> 99 | N16: =60/($E16*Calculator!$E$8) -> 0.57971014 | O16: =IF(($E16=$F16),60,60/(($E16-$F16)*Calculator!$E$8)) -> 0.57971014 | P16: =IF(($E16=$G16),60,60/(($E16-$G16)*Calculator!$E$8)) -> 0.57971014 | Q16: =IF(($E16=$H16),60,60/(($E16-$H16)*Calculator!$E$8)) -> 13.333333 | R16: =(O16-N16)/N16 -> 0 | S16: =(P16-N16)/N16 -> 0 | T16: =(Q16-N16)/N16 -> 22 | U16: =(Q16-O16)/O16 -> 22 | V16: =(Q16-P16)/P16 -> 22 | W16: =F16/E16 -> 0 | X16: =G16/E16 -> 0 | Y16: =H16/E16 -> 0.95652174
A17: Adobe Acrobat Reader DC Classic Track | B17: Deprecated | E17: 26 | F17: 0 | G17: 0 | H17: 26 | I17: =H17-F17 -> 26 | J17: =H17-G17 -> 26 | K17: =PRODUCT($E17,Calculator!$E$8) -> 117 | L17: =PRODUCT($I17,Calculator!$E$8) -> 117 | M17: =PRODUCT($J17,Calculator!$E$8) -> 117 | N17: =60/($E17*Calculator!$E$8) -> 0.51282051 | O17: =IF(($E17=$F17),60,60/(($E17-$F17)*Calculator!$E$8)) -> 0.51282051 | P17: =IF(($E17=$G17),60,60/(($E17-$G17)*Calculator!$E$8)) -> 0.51282051 | Q17: =IF(($E17=$H17),60,60/(($E17-$H17)*Calculator!$E$8)) -> 60 | R17: =(O17-N17)/N17 -> 0 | S17: =(P17-N17)/N17 -> 0 | T17: =(Q17-N17)/N17 -> 116 | U17: =(Q17-O17)/O17 -> 116 | V17: =(Q17-P17)/P17 -> 116 | W17: =F17/E17 -> 0 | X17: =G17/E17 -> 0 | Y17: =H17/E17 -> 1
A18: Adobe Acrobat Reader DC Continuous Track | B18: Active | C18: P | D18: P | E18: 26 | F18: 22 | G18: 25 | H18: 25 | I18: =H18-F18 -> 3 | J18: =H18-G18 -> 0 | K18: =PRODUCT($E18,Calculator!$E$8) -> 117 | L18: =PRODUCT($I18,Calculator!$E$8) -> 13.5 | M18: =PRODUCT($J18,Calculator!$E$8) -> 0 | N18: =60/($E18*Calculator!$E$8) -> 0.51282051 | O18: =IF(($E18=$F18),60,60/(($E18-$F18)*Calculator!$E$8)) -> 3.3333333 | P18: =IF(($E18=$G18),60,60/(($E18-$G18)*Calculator!$E$8)) -> 13.333333 | Q18: =IF(($E18=$H18),60,60/(($E18-$H18)*Calculator!$E$8)) -> 13.333333 | R18: =(O18-N18)/N18 -> 5.5 | S18: =(P18-N18)/N18 -> 25 | T18: =(Q18-N18)/N18 -> 25 | U18: =(Q18-O18)/O18 -> 3 | V18: =(Q18-P18)/P18 -> 0 | W18: =F18/E18 -> 0.84615385 | X18: =G18/E18 -> 0.96153846 | Y18: =H18/E18 -> 0.96153846
A19: Amazon Linux 2023 | B19: Active | E19: 192 | F19: 0 | G19: 0 | H19: 178 | I19: =H19-F19 -> 178 | J19: =H19-G19 -> 178 | K19: =PRODUCT($E19,Calculator!$E$8) -> 864 | L19: =PRODUCT($I19,Calculator!$E$8) -> 801 | M19: =PRODUCT($J19,Calculator!$E$8) -> 801 | N19: =60/($E19*Calculator!$E$8) -> 0.069444444 | O19: =IF(($E19=$F19),60,60/(($E19-$F19)*Calculator!$E$8)) -> 0.069444444 | P19: =IF(($E19=$G19),60,60/(($E19-$G19)*Calculator!$E$8)) -> 0.069444444 | Q19: =IF(($E19=$H19),60,60/(($E19-$H19)*Calculator!$E$8)) -> 0.95238095 | R19: =(O19-N19)/N19 -> 0 | S19: =(P19-N19)/N19 -> 0 | T19: =(Q19-N19)/N19 -> 12.714286 | U19: =(Q19-O19)/O19 -> 12.714286 | V19: =(Q19-P19)/P19 -> 12.714286 | W19: =F19/E19 -> 0 | X19: =G19/E19 -> 0 | Y19: =H19/E19 -> 0.92708333
A20: Apache Server 2.4 UNIX Server | B20: Active | E20: 47 | F20: 0 | G20: 0 | H20: 23 | I20: =H20-F20 -> 23 | J20: =H20-G20 -> 23 | K20: =PRODUCT($E20,Calculator!$E$8) -> 211.5 | L20: =PRODUCT($I20,Calculator!$E$8) -> 103.5 | M20: =PRODUCT($J20,Calculator!$E$8) -> 103.5 | N20: =60/($E20*Calculator!$E$8) -> 0.28368794 | O20: =IF(($E20=$F20),60,60/(($E20-$F20)*Calculator!$E$8)) -> 0.28368794 | P20: =IF(($E20=$G20),60,60/(($E20-$G20)*Calculator!$E$8)) -> 0.28368794 | Q20: =IF(($E20=$H20),60,60/(($E20-$H20)*Calculator!$E$8)) -> 0.55555556 | R20: =(O20-N20)/N20 -> 0 | S20: =(P20-N20)/N20 -> 0 | T20: =(Q20-N20)/N20 -> 0.95833333 | U20: =(Q20-O20)/O20 -> 0.95833333 | V20: =(Q20-P20)/P20 -> 0.95833333 | W20: =F20/E20 -> 0 | X20: =G20/E20 -> 0 | Y20: =H20/E20 -> 0.4893617
A21: Apache Server 2.4 UNIX Site | B21: Active | E21: 27 | F21: 0 | G21: 0 | H21: 16 | I21: =H21-F21 -> 16 | J21: =H21-G21 -> 16 | K21: =PRODUCT($E21,Calculator!$E$8) -> 121.5 | L21: =PRODUCT($I21,Calculator!$E$8) -> 72 | M21: =PRODUCT($J21,Calculator!$E$8) -> 72 | N21: =60/($E21*Calculator!$E$8) -> 0.49382716 | O21: =IF(($E21=$F21),60,60/(($E21-$F21)*Calculator!$E$8)) -> 0.49382716 | P21: =IF(($E21=$G21),60,60/(($E21-$G21)*Calculator!$E$8)) -> 0.49382716 | Q21: =IF(($E21=$H21),60,60/(($E21-$H21)*Calculator!$E$8)) -> 1.2121212 | R21: =(O21-N21)/N21 -> 0 | S21: =(P21-N21)/N21 -> 0 | T21: =(Q21-N21)/N21 -> 1.4545455 | U21: =(Q21-O21)/O21 -> 1.4545455 | V21: =(Q21-P21)/P21 -> 1.4545455 | W21: =F21/E21 -> 0 | X21: =G21/E21 -> 0 | Y21: =H21/E21 -> 0.59259259
A22: Apache Server 2.4 Windows Server | B22: Active | E22: 54 | F22: 0 | G22: 0 | H22: 25 | I22: =H22-F22 -> 25 | J22: =H22-G22 -> 25 | K22: =PRODUCT($E22,Calculator!$E$8) -> 243 | L22: =PRODUCT($I22,Calculator!$E$8) -> 112.5 | M22: =PRODUCT($J22,Calculator!$E$8) -> 112.5 | N22: =60/($E22*Calculator!$E$8) -> 0.24691358 | O22: =IF(($E22=$F22),60,60/(($E22-$F22)*Calculator!$E$8)) -> 0.24691358 | P22: =IF(($E22=$G22),60,60/(($E22-$G22)*Calculator!$E$8)) -> 0.24691358 | Q22: =IF(($E22=$H22),60,60/(($E22-$H22)*Calculator!$E$8)) -> 0.45977011 | R22: =(O22-N22)/N22 -> 0 | S22: =(P22-N22)/N22 -> 0 | T22: =(Q22-N22)/N22 -> 0.86206897 | U22: =(Q22-O22)/O22 -> 0.86206897 | V22: =(Q22-P22)/P22 -> 0.86206897 | W22: =F22/E22 -> 0 | X22: =G22/E22 -> 0 | Y22: =H22/E22 -> 0.46296296
A23: Apache Server 2.4 Windows Site | B23: Active | E23: 36 | F23: 0 | G23: 0 | H23: 21 | I23: =H23-F23 -> 21 | J23: =H23-G23 -> 21 | K23: =PRODUCT($E23,Calculator!$E$8) -> 162 | L23: =PRODUCT($I23,Calculator!$E$8) -> 94.5 | M23: =PRODUCT($J23,Calculator!$E$8) -> 94.5 | N23: =60/($E23*Calculator!$E$8) -> 0.37037037 | O23: =IF(($E23=$F23),60,60/(($E23-$F23)*Calculator!$E$8)) -> 0.37037037 | P23: =IF(($E23=$G23),60,60/(($E23-$G23)*Calculator!$E$8)) -> 0.37037037 | Q23: =IF(($E23=$H23),60,60/(($E23-$H23)*Calculator!$E$8)) -> 0.88888889 | R23: =(O23-N23)/N23 -> 0 | S23: =(P23-N23)/N23 -> 0 | T23: =(Q23-N23)/N23 -> 1.4 | U23: =(Q23-O23)/O23 -> 1.4 | V23: =(Q23-P23)/P23 -> 1.4 | W23: =F23/E23 -> 0 | X23: =G23/E23 -> 0 | Y23: =H23/E23 -> 0.58333333
A24: Apache Tomcat Application Server 9 | B24: Active | E24: 79 | F24: 0 | G24: 0 | H24: 71 | I24: =H24-F24 -> 71 | J24: =H24-G24 -> 71 | K24: =PRODUCT($E24,Calculator!$E$8) -> 355.5 | L24: =PRODUCT($I24,Calculator!$E$8) -> 319.5 | M24: =PRODUCT($J24,Calculator!$E$8) -> 319.5 | N24: =60/($E24*Calculator!$E$8) -> 0.16877637 | O24: =IF(($E24=$F24),60,60/(($E24-$F24)*Calculator!$E$8)) -> 0.16877637 | P24: =IF(($E24=$G24),60,60/(($E24-$G24)*Calculator!$E$8)) -> 0.16877637 | Q24: =IF(($E24=$H24),60,60/(($E24-$H24)*Calculator!$E$8)) -> 1.6666667 | R24: =(O24-N24)/N24 -> 0 | S24: =(P24-N24)/N24 -> 0 | T24: =(Q24-N24)/N24 -> 8.875 | U24: =(Q24-O24)/O24 -> 8.875 | V24: =(Q24-P24)/P24 -> 8.875 | W24: =F24/E24 -> 0 | X24: =G24/E24 -> 0 | Y24: =H24/E24 -> 0.89873418
A25: ArcGIS for Server 10.3 | B25: Sunset | E25: 23 | F25: 0 | G25: 0 | H25: 15 | I25: =H25-F25 -> 15 | J25: =H25-G25 -> 15 | K25: =PRODUCT($E25,Calculator!$E$8) -> 103.5 | L25: =PRODUCT($I25,Calculator!$E$8) -> 67.5 | M25: =PRODUCT($J25,Calculator!$E$8) -> 67.5 | N25: =60/($E25*Calculator!$E$8) -> 0.57971014 | O25: =IF(($E25=$F25),60,60/(($E25-$F25)*Calculator!$E$8)) -> 0.57971014 | P25: =IF(($E25=$G25),60,60/(($E25-$G25)*Calculator!$E$8)) -> 0.57971014 | Q25: =IF(($E25=$H25),60,60/(($E25-$H25)*Calculator!$E$8)) -> 1.6666667 | R25: =(O25-N25)/N25 -> 0 | S25: =(P25-N25)/N25 -> 0 | T25: =(Q25-N25)/N25 -> 1.875 | U25: =(Q25-O25)/O25 -> 1.875 | V25: =(Q25-P25)/P25 -> 1.875 | W25: =F25/E25 -> 0 | X25: =G25/E25 -> 0 | Y25: =H25/E25 -> 0.65217391
A26: Canonical Ubuntu 16.04 LTS | B26: Deprecated | D26: P | E26: 229 | F26: 0 | G26: 109 | H26: 216 | I26: =H26-F26 -> 216 | J26: =H26-G26 -> 107 | K26: =PRODUCT($E26,Calculator!$E$8) -> 1030.5 | L26: =PRODUCT($I26,Calculator!$E$8) -> 972 | M26: =PRODUCT($J26,Calculator!$E$8) -> 481.5 | N26: =60/($E26*Calculator!$E$8) -> 0.058224163 | O26: =IF(($E26=$F26),60,60/(($E26-$F26)*Calculator!$E$8)) -> 0.058224163 | P26: =IF(($E26=$G26),60,60/(($E26-$G26)*Calculator!$E$8)) -> 0.11111111 | Q26: =IF(($E26=$H26),60,60/(($E26-$H26)*Calculator!$E$8)) -> 1.025641 | R26: =(O26-N26)/N26 -> 0 | S26: =(P26-N26)/N26 -> 0.90833333 | T26: =(Q26-N26)/N26 -> 16.615385 | U26: =(Q26-O26)/O26 -> 16.615385 | V26: =(Q26-P26)/P26 -> 8.2307692 | W26: =F26/E26 -> 0 | X26: =G26/E26 -> 0.47598253 | Y26: =H26/E26 -> 0.94323144
A27: Canonical Ubuntu 18.04 LTS | B27: Sunset | C27: P | D27: P | E27: 176 | F27: 11 | G27: 137 | H27: 158 | I27: =H27-F27 -> 147 | J27: =H27-G27 -> 21 | K27: =PRODUCT($E27,Calculator!$E$8) -> 792 | L27: =PRODUCT($I27,Calculator!$E$8) -> 661.5 | M27: =PRODUCT($J27,Calculator!$E$8) -> 94.5 | N27: =60/($E27*Calculator!$E$8) -> 0.075757576 | O27: =IF(($E27=$F27),60,60/(($E27-$F27)*Calculator!$E$8)) -> 0.080808081 | P27: =IF(($E27=$G27),60,60/(($E27-$G27)*Calculator!$E$8)) -> 0.34188034 | Q27: =IF(($E27=$H27),60,60/(($E27-$H27)*Calculator!$E$8)) -> 0.74074074 | R27: =(O27-N27)/N27 -> 0.066666667 | S27: =(P27-N27)/N27 -> 3.5128205 | T27: =(Q27-N27)/N27 -> 8.7777778 | U27: =(Q27-O27)/O27 -> 8.1666667 | V27: =(Q27-P27)/P27 -> 1.1666667 | W27: =F27/E27 -> 0.0625 | X27: =G27/E27 -> 0.77840909 | Y27: =H27/E27 -> 0.89772727
A28: Canonical Ubuntu 20.04 LTS | B28: Sunset | C28: P | D28: P | E28: 172 | F28: 109 | G28: 123 | H28: 159 | I28: =H28-F28 -> 50 | J28: =H28-G28 -> 36 | K28: =PRODUCT($E28,Calculator!$E$8) -> 774 | L28: =PRODUCT($I28,Calculator!$E$8) -> 225 | M28: =PRODUCT($J28,Calculator!$E$8) -> 162 | N28: =60/($E28*Calculator!$E$8) -> 0.07751938 | O28: =IF(($E28=$F28),60,60/(($E28-$F28)*Calculator!$E$8)) -> 0.21164021 | P28: =IF(($E28=$G28),60,60/(($E28-$G28)*Calculator!$E$8)) -> 0.27210884 | Q28: =IF(($E28=$H28),60,60/(($E28-$H28)*Calculator!$E$8)) -> 1.025641 | R28: =(O28-N28)/N28 -> 1.7301587 | S28: =(P28-N28)/N28 -> 2.5102041 | T28: =(Q28-N28)/N28 -> 12.230769 | U28: =(Q28-O28)/O28 -> 3.8461538 | V28: =(Q28-P28)/P28 -> 2.7692308 | W28: =F28/E28 -> 0.63372093 | X28: =G28/E28 -> 0.71511628 | Y28: =H28/E28 -> 0.9244186
A29: Canonical Ubuntu 22.04 LTS | B29: Active | C29: P | D29: P | E29: 188 | F29: 156 | G29: 174 | H29: 174 | I29: =H29-F29 -> 18 | J29: =H29-G29 -> 0 | K29: =PRODUCT($E29,Calculator!$E$8) -> 846 | L29: =PRODUCT($I29,Calculator!$E$8) -> 81 | M29: =PRODUCT($J29,Calculator!$E$8) -> 0 | N29: =60/($E29*Calculator!$E$8) -> 0.070921986 | O29: =IF(($E29=$F29),60,60/(($E29-$F29)*Calculator!$E$8)) -> 0.41666667 | P29: =IF(($E29=$G29),60,60/(($E29-$G29)*Calculator!$E$8)) -> 0.95238095 | Q29: =IF(($E29=$H29),60,60/(($E29-$H29)*Calculator!$E$8)) -> 0.95238095 | R29: =(O29-N29)/N29 -> 4.875 | S29: =(P29-N29)/N29 -> 12.428571 | T29: =(Q29-N29)/N29 -> 12.428571 | U29: =(Q29-O29)/O29 -> 1.2857143 | V29: =(Q29-P29)/P29 -> 0 | W29: =F29/E29 -> 0.82978723 | X29: =G29/E29 -> 0.92553191 | Y29: =H29/E29 -> 0.92553191
A30: Canonical Ubuntu 24.04 LTS | B30: Active | C30: P | D30: P | E30: 194 | F30: 166 | G30: 177 | H30: 178 | I30: =H30-F30 -> 12 | J30: =H30-G30 -> 1 | K30: =PRODUCT($E30,Calculator!$E$8) -> 873 | L30: =PRODUCT($I30,Calculator!$E$8) -> 54 | M30: =PRODUCT($J30,Calculator!$E$8) -> 4.5 | N30: =60/($E30*Calculator!$E$8) -> 0.068728522 | O30: =IF(($E30=$F30),60,60/(($E30-$F30)*Calculator!$E$8)) -> 0.47619048 | P30: =IF(($E30=$G30),60,60/(($E30-$G30)*Calculator!$E$8)) -> 0.78431373 | Q30: =IF(($E30=$H30),60,60/(($E30-$H30)*Calculator!$E$8)) -> 0.83333333 | R30: =(O30-N30)/N30 -> 5.9285714 | S30: =(P30-N30)/N30 -> 10.411765 | T30: =(Q30-N30)/N30 -> 11.125 | U30: =(Q30-O30)/O30 -> 0.75 | V30: =(Q30-P30)/P30 -> 0.0625 | W30: =F30/E30 -> 0.8556701 | X30: =G30/E30 -> 0.91237113 | Y30: =H30/E30 -> 0.91752577
A31: Cisco IOS Router NDM | B31: Active | D31: P | E31: 43 | F31: 0 | G31: 37 | H31: 42 | I31: =H31-F31 -> 42 | J31: =H31-G31 -> 5 | K31: =PRODUCT($E31,Calculator!$E$8) -> 193.5 | L31: =PRODUCT($I31,Calculator!$E$8) -> 189 | M31: =PRODUCT($J31,Calculator!$E$8) -> 22.5 | N31: =60/($E31*Calculator!$E$8) -> 0.31007752 | O31: =IF(($E31=$F31),60,60/(($E31-$F31)*Calculator!$E$8)) -> 0.31007752 | P31: =IF(($E31=$G31),60,60/(($E31-$G31)*Calculator!$E$8)) -> 2.2222222 | Q31: =IF(($E31=$H31),60,60/(($E31-$H31)*Calculator!$E$8)) -> 13.333333 | R31: =(O31-N31)/N31 -> 0 | S31: =(P31-N31)/N31 -> 6.1666667 | T31: =(Q31-N31)/N31 -> 42 | U31: =(Q31-O31)/O31 -> 42 | V31: =(Q31-P31)/P31 -> 5 | W31: =F31/E31 -> 0 | X31: =G31/E31 -> 0.86046512 | Y31: =H31/E31 -> 0.97674419
A32: Cisco IOS Router RTR | B32: Active | E32: 92 | F32: 0 | G32: 0 | H32: 73 | I32: =H32-F32 -> 73 | J32: =H32-G32 -> 73 | K32: =PRODUCT($E32,Calculator!$E$8) -> 414 | L32: =PRODUCT($I32,Calculator!$E$8) -> 328.5 | M32: =PRODUCT($J32,Calculator!$E$8) -> 328.5 | N32: =60/($E32*Calculator!$E$8) -> 0.14492754 | O32: =IF(($E32=$F32),60,60/(($E32-$F32)*Calculator!$E$8)) -> 0.14492754 | P32: =IF(($E32=$G32),60,60/(($E32-$G32)*Calculator!$E$8)) -> 0.14492754 | Q32: =IF(($E32=$H32),60,60/(($E32-$H32)*Calculator!$E$8)) -> 0.70175439 | R32: =(O32-N32)/N32 -> 0 | S32: =(P32-N32)/N32 -> 0 | T32: =(Q32-N32)/N32 -> 3.8421053 | U32: =(Q32-O32)/O32 -> 3.8421053 | V32: =(Q32-P32)/P32 -> 3.8421053 | W32: =F32/E32 -> 0 | X32: =G32/E32 -> 0 | Y32: =H32/E32 -> 0.79347826
A33: Cisco IOS Switch L2S | B33: Active | E33: 22 | F33: 0 | G33: 0 | H33: 12 | I33: =H33-F33 -> 12 | J33: =H33-G33 -> 12 | K33: =PRODUCT($E33,Calculator!$E$8) -> 99 | L33: =PRODUCT($I33,Calculator!$E$8) -> 54 | M33: =PRODUCT($J33,Calculator!$E$8) -> 54 | N33: =60/($E33*Calculator!$E$8) -> 0.60606061 | O33: =IF(($E33=$F33),60,60/(($E33-$F33)*Calculator!$E$8)) -> 0.60606061 | P33: =IF(($E33=$G33),60,60/(($E33-$G33)*Calculator!$E$8)) -> 0.60606061 | Q33: =IF(($E33=$H33),60,60/(($E33-$H33)*Calculator!$E$8)) -> 1.3333333 | R33: =(O33-N33)/N33 -> 0 | S33: =(P33-N33)/N33 -> 0 | T33: =(Q33-N33)/N33 -> 1.2 | U33: =(Q33-O33)/O33 -> 1.2 | V33: =(Q33-P33)/P33 -> 1.2 | W33: =F33/E33 -> 0 | X33: =G33/E33 -> 0 | Y33: =H33/E33 -> 0.54545455
A34: Cisco IOS Switch NDM | B34: Active | D34: P | E34: 43 | F34: 0 | G34: 36 | H34: 42 | I34: =H34-F34 -> 42 | J34: =H34-G34 -> 6 | K34: =PRODUCT($E34,Calculator!$E$8) -> 193.5 | L34: =PRODUCT($I34,Calculator!$E$8) -> 189 | M34: =PRODUCT($J34,Calculator!$E$8) -> 27 | N34: =60/($E34*Calculator!$E$8) -> 0.31007752 | O34: =IF(($E34=$F34),60,60/(($E34-$F34)*Calculator!$E$8)) -> 0.31007752 | P34: =IF(($E34=$G34),60,60/(($E34-$G34)*Calculator!$E$8)) -> 1.9047619 | Q34: =IF(($E34=$H34),60,60/(($E34-$H34)*Calculator!$E$8)) -> 13.333333 | R34: =(O34-N34)/N34 -> 0 | S34: =(P34-N34)/N34 -> 5.1428571 | T34: =(Q34-N34)/N34 -> 42 | U34: =(Q34-O34)/O34 -> 42 | V34: =(Q34-P34)/P34 -> 6 | W34: =F34/E34 -> 0 | X34: =G34/E34 -> 0.8372093 | Y34: =H34/E34 -> 0.97674419
A35: Cisco IOS Switch RTR | B35: Active | E35: 53 | F35: 0 | G35: 0 | H35: 39 | I35: =H35-F35 -> 39 | J35: =H35-G35 -> 39 | K35: =PRODUCT($E35,Calculator!$E$8) -> 238.5 | L35: =PRODUCT($I35,Calculator!$E$8) -> 175.5 | M35: =PRODUCT($J35,Calculator!$E$8) -> 175.5 | N35: =60/($E35*Calculator!$E$8) -> 0.25157233 | O35: =IF(($E35=$F35),60,60/(($E35-$F35)*Calculator!$E$8)) -> 0.25157233 | P35: =IF(($E35=$G35),60,60/(($E35-$G35)*Calculator!$E$8)) -> 0.25157233 | Q35: =IF(($E35=$H35),60,60/(($E35-$H35)*Calculator!$E$8)) -> 0.95238095 | R35: =(O35-N35)/N35 -> 0 | S35: =(P35-N35)/N35 -> 0 | T35: =(Q35-N35)/N35 -> 2.7857143 | U35: =(Q35-O35)/O35 -> 2.7857143 | V35: =(Q35-P35)/P35 -> 2.7857143 | W35: =F35/E35 -> 0 | X35: =G35/E35 -> 0 | Y35: =H35/E35 -> 0.73584906
A36: Cisco IOS XE Router NDM | B36: Active | C36: P | D36: P | E36: 42 | F36: 20 | G36: 37 | H36: 34 | I36: =H36-F36 -> 14 | J36: =H36-G36 -> -3 | K36: =PRODUCT($E36,Calculator!$E$8) -> 189 | L36: =PRODUCT($I36,Calculator!$E$8) -> 63 | M36: =PRODUCT($J36,Calculator!$E$8) -> -13.5 | N36: =60/($E36*Calculator!$E$8) -> 0.31746032 | O36: =IF(($E36=$F36),60,60/(($E36-$F36)*Calculator!$E$8)) -> 0.60606061 | P36: =IF(($E36=$G36),60,60/(($E36-$G36)*Calculator!$E$8)) -> 2.6666667 | Q36: =IF(($E36=$H36),60,60/(($E36-$H36)*Calculator!$E$8)) -> 1.6666667 | R36: =(O36-N36)/N36 -> 0.90909091 | S36: =(P36-N36)/N36 -> 7.4 | T36: =(Q36-N36)/N36 -> 4.25 | U36: =(Q36-O36)/O36 -> 1.75 | V36: =(Q36-P36)/P36 -> -0.375 | W36: =F36/E36 -> 0.47619048 | X36: =G36/E36 -> 0.88095238 | Y36: =H36/E36 -> 0.80952381
A37: Cisco IOS XE Router RTR | B37: Active | C37: P | D37: P | E37: 97 | F37: 6 | G37: 6 | H37: 78 | I37: =H37-F37 -> 72 | J37: =H37-G37 -> 72 | K37: =PRODUCT($E37,Calculator!$E$8) -> 436.5 | L37: =PRODUCT($I37,Calculator!$E$8) -> 324 | M37: =PRODUCT($J37,Calculator!$E$8) -> 324 | N37: =60/($E37*Calculator!$E$8) -> 0.13745704 | O37: =IF(($E37=$F37),60,60/(($E37-$F37)*Calculator!$E$8)) -> 0.14652015 | P37: =IF(($E37=$G37),60,60/(($E37-$G37)*Calculator!$E$8)) -> 0.14652015 | Q37: =IF(($E37=$H37),60,60/(($E37-$H37)*Calculator!$E$8)) -> 0.70175439 | R37: =(O37-N37)/N37 -> 0.065934066 | S37: =(P37-N37)/N37 -> 0.065934066 | T37: =(Q37-N37)/N37 -> 4.1052632 | U37: =(Q37-O37)/O37 -> 3.7894737 | V37: =(Q37-P37)/P37 -> 3.7894737 | W37: =F37/E37 -> 0.06185567 | X37: =G37/E37 -> 0.06185567 | Y37: =H37/E37 -> 0.80412371
A38: Cisco IOS XE Switch L2S | B38: Active | E38: 22 | F38: 0 | G38: 0 | H38: 21 | I38: =H38-F38 -> 21 | J38: =H38-G38 -> 21 | K38: =PRODUCT($E38,Calculator!$E$8) -> 99 | L38: =PRODUCT($I38,Calculator!$E$8) -> 94.5 | M38: =PRODUCT($J38,Calculator!$E$8) -> 94.5 | N38: =60/($E38*Calculator!$E$8) -> 0.60606061 | O38: =IF(($E38=$F38),60,60/(($E38-$F38)*Calculator!$E$8)) -> 0.60606061 | P38: =IF(($E38=$G38),60,60/(($E38-$G38)*Calculator!$E$8)) -> 0.60606061 | Q38: =IF(($E38=$H38),60,60/(($E38-$H38)*Calculator!$E$8)) -> 13.333333 | R38: =(O38-N38)/N38 -> 0 | S38: =(P38-N38)/N38 -> 0 | T38: =(Q38-N38)/N38 -> 21 | U38: =(Q38-O38)/O38 -> 21 | V38: =(Q38-P38)/P38 -> 21 | W38: =F38/E38 -> 0 | X38: =G38/E38 -> 0 | Y38: =H38/E38 -> 0.95454545
A39: Cisco IOS XE Switch NDM | B39: Active | D39: P | E39: 42 | F39: 0 | G39: 36 | H39: 34 | I39: =H39-F39 -> 34 | J39: =H39-G39 -> -2 | K39: =PRODUCT($E39,Calculator!$E$8) -> 189 | L39: =PRODUCT($I39,Calculator!$E$8) -> 153 | M39: =PRODUCT($J39,Calculator!$E$8) -> -9 | N39: =60/($E39*Calculator!$E$8) -> 0.31746032 | O39: =IF(($E39=$F39),60,60/(($E39-$F39)*Calculator!$E$8)) -> 0.31746032 | P39: =IF(($E39=$G39),60,60/(($E39-$G39)*Calculator!$E$8)) -> 2.2222222 | Q39: =IF(($E39=$H39),60,60/(($E39-$H39)*Calculator!$E$8)) -> 1.6666667 | R39: =(O39-N39)/N39 -> 0 | S39: =(P39-N39)/N39 -> 6 | T39: =(Q39-N39)/N39 -> 4.25 | U39: =(Q39-O39)/O39 -> 4.25 | V39: =(Q39-P39)/P39 -> -0.25 | W39: =F39/E39 -> 0 | X39: =G39/E39 -> 0.85714286 | Y39: =H39/E39 -> 0.80952381
A40: Cisco IOS XE Switch RTR | B40: Active | E40: 88 | F40: 0 | G40: 0 | H40: 74 | I40: =H40-F40 -> 74 | J40: =H40-G40 -> 74 | K40: =PRODUCT($E40,Calculator!$E$8) -> 396 | L40: =PRODUCT($I40,Calculator!$E$8) -> 333 | M40: =PRODUCT($J40,Calculator!$E$8) -> 333 | N40: =60/($E40*Calculator!$E$8) -> 0.15151515 | O40: =IF(($E40=$F40),60,60/(($E40-$F40)*Calculator!$E$8)) -> 0.15151515 | P40: =IF(($E40=$G40),60,60/(($E40-$G40)*Calculator!$E$8)) -> 0.15151515 | Q40: =IF(($E40=$H40),60,60/(($E40-$H40)*Calculator!$E$8)) -> 0.95238095 | R40: =(O40-N40)/N40 -> 0 | S40: =(P40-N40)/N40 -> 0 | T40: =(Q40-N40)/N40 -> 5.2857143 | U40: =(Q40-O40)/O40 -> 5.2857143 | V40: =(Q40-P40)/P40 -> 5.2857143 | W40: =F40/E40 -> 0 | X40: =G40/E40 -> 0 | Y40: =H40/E40 -> 0.84090909
A41: Citrix Virtual Apps and Desktop 7.x Workspace App | B41: Sunset | E41: 2 | F41: 0 | G41: 0 | H41: 1 | I41: =H41-F41 -> 1 | J41: =H41-G41 -> 1 | K41: =PRODUCT($E41,Calculator!$E$8) -> 9 | L41: =PRODUCT($I41,Calculator!$E$8) -> 4.5 | M41: =PRODUCT($J41,Calculator!$E$8) -> 4.5 | N41: =60/($E41*Calculator!$E$8) -> 6.6666667 | O41: =IF(($E41=$F41),60,60/(($E41-$F41)*Calculator!$E$8)) -> 6.6666667 | P41: =IF(($E41=$G41),60,60/(($E41-$G41)*Calculator!$E$8)) -> 6.6666667 | Q41: =IF(($E41=$H41),60,60/(($E41-$H41)*Calculator!$E$8)) -> 13.333333 | R41: =(O41-N41)/N41 -> 0 | S41: =(P41-N41)/N41 -> 0 | T41: =(Q41-N41)/N41 -> 1 | U41: =(Q41-O41)/O41 -> 1 | V41: =(Q41-P41)/P41 -> 1 | W41: =F41/E41 -> 0 | X41: =G41/E41 -> 0 | Y41: =H41/E41 -> 0.5
A42: Google Chrome Current Windows | B42: Active | C42: P | D42: P | E42: 46 | F42: 36 | G42: 44 | H42: 45 | I42: =H42-F42 -> 9 | J42: =H42-G42 -> 1 | K42: =PRODUCT($E42,Calculator!$E$8) -> 207 | L42: =PRODUCT($I42,Calculator!$E$8) -> 40.5 | M42: =PRODUCT($J42,Calculator!$E$8) -> 4.5 | N42: =60/($E42*Calculator!$E$8) -> 0.28985507 | O42: =IF(($E42=$F42),60,60/(($E42-$F42)*Calculator!$E$8)) -> 1.3333333 | P42: =IF(($E42=$G42),60,60/(($E42-$G42)*Calculator!$E$8)) -> 6.6666667 | Q42: =IF(($E42=$H42),60,60/(($E42-$H42)*Calculator!$E$8)) -> 13.333333 | R42: =(O42-N42)/N42 -> 3.6 | S42: =(P42-N42)/N42 -> 22 | T42: =(Q42-N42)/N42 -> 45 | U42: =(Q42-O42)/O42 -> 9 | V42: =(Q42-P42)/P42 -> 1 | W42: =F42/E42 -> 0.7826087 | X42: =G42/E42 -> 0.95652174 | Y42: =H42/E42 -> 0.97826087
A43: JBoss Enterprise Application Platform 6.3 | B43: Active | E43: 67 | F43: 0 | G43: 0 | H43: 47 | I43: =H43-F43 -> 47 | J43: =H43-G43 -> 47 | K43: =PRODUCT($E43,Calculator!$E$8) -> 301.5 | L43: =PRODUCT($I43,Calculator!$E$8) -> 211.5 | M43: =PRODUCT($J43,Calculator!$E$8) -> 211.5 | N43: =60/($E43*Calculator!$E$8) -> 0.19900498 | O43: =IF(($E43=$F43),60,60/(($E43-$F43)*Calculator!$E$8)) -> 0.19900498 | P43: =IF(($E43=$G43),60,60/(($E43-$G43)*Calculator!$E$8)) -> 0.19900498 | Q43: =IF(($E43=$H43),60,60/(($E43-$H43)*Calculator!$E$8)) -> 0.66666667 | R43: =(O43-N43)/N43 -> 0 | S43: =(P43-N43)/N43 -> 0 | T43: =(Q43-N43)/N43 -> 2.35 | U43: =(Q43-O43)/O43 -> 2.35 | V43: =(Q43-P43)/P43 -> 2.35 | W43: =F43/E43 -> 0 | X43: =G43/E43 -> 0 | Y43: =H43/E43 -> 0.70149254
A44: McAfee VirusScan 8.8 Local Client | B44: Deprecated | E44: 88 | F44: 0 | G44: 0 | H44: 75 | I44: =H44-F44 -> 75 | J44: =H44-G44 -> 75 | K44: =PRODUCT($E44,Calculator!$E$8) -> 396 | L44: =PRODUCT($I44,Calculator!$E$8) -> 337.5 | M44: =PRODUCT($J44,Calculator!$E$8) -> 337.5 | N44: =60/($E44*Calculator!$E$8) -> 0.15151515 | O44: =IF(($E44=$F44),60,60/(($E44-$F44)*Calculator!$E$8)) -> 0.15151515 | P44: =IF(($E44=$G44),60,60/(($E44-$G44)*Calculator!$E$8)) -> 0.15151515 | Q44: =IF(($E44=$H44),60,60/(($E44-$H44)*Calculator!$E$8)) -> 1.025641 | R44: =(O44-N44)/N44 -> 0 | S44: =(P44-N44)/N44 -> 0 | T44: =(Q44-N44)/N44 -> 5.7692308 | U44: =(Q44-O44)/O44 -> 5.7692308 | V44: =(Q44-P44)/P44 -> 5.7692308 | W44: =F44/E44 -> 0 | X44: =G44/E44 -> 0 | Y44: =H44/E44 -> 0.85227273
A45: Microsoft .NET Framework 4 | B45: Active | C45: P | D45: P | E45: 16 | F45: 4 | G45: 13 | H45: 14 | I45: =H45-F45 -> 10 | J45: =H45-G45 -> 1 | K45: =PRODUCT($E45,Calculator!$E$8) -> 72 | L45: =PRODUCT($I45,Calculator!$E$8) -> 45 | M45: =PRODUCT($J45,Calculator!$E$8) -> 4.5 | N45: =60/($E45*Calculator!$E$8) -> 0.83333333 | O45: =IF(($E45=$F45),60,60/(($E45-$F45)*Calculator!$E$8)) -> 1.1111111 | P45: =IF(($E45=$G45),60,60/(($E45-$G45)*Calculator!$E$8)) -> 4.4444444 | Q45: =IF(($E45=$H45),60,60/(($E45-$H45)*Calculator!$E$8)) -> 6.6666667 | R45: =(O45-N45)/N45 -> 0.33333333 | S45: =(P45-N45)/N45 -> 4.3333333 | T45: =(Q45-N45)/N45 -> 7 | U45: =(Q45-O45)/O45 -> 5 | V45: =(Q45-P45)/P45 -> 0.5 | W45: =F45/E45 -> 0.25 | X45: =G45/E45 -> 0.8125 | Y45: =H45/E45 -> 0.875
A46: Microsoft Access 2013 | B46: Deprecated | E46: 18 | F46: 0 | G46: 0 | H46: 18 | I46: =H46-F46 -> 18 | J46: =H46-G46 -> 18 | K46: =PRODUCT($E46,Calculator!$E$8) -> 81 | L46: =PRODUCT($I46,Calculator!$E$8) -> 81 | M46: =PRODUCT($J46,Calculator!$E$8) -> 81 | N46: =60/($E46*Calculator!$E$8) -> 0.74074074 | O46: =IF(($E46=$F46),60,60/(($E46-$F46)*Calculator!$E$8)) -> 0.74074074 | P46: =IF(($E46=$G46),60,60/(($E46-$G46)*Calculator!$E$8)) -> 0.74074074 | Q46: =IF(($E46=$H46),60,60/(($E46-$H46)*Calculator!$E$8)) -> 60 | R46: =(O46-N46)/N46 -> 0 | S46: =(P46-N46)/N46 -> 0 | T46: =(Q46-N46)/N46 -> 80 | U46: =(Q46-O46)/O46 -> 80 | V46: =(Q46-P46)/P46 -> 80 | W46: =F46/E46 -> 0 | X46: =G46/E46 -> 0 | Y46: =H46/E46 -> 1
A47: Microsoft Access 2016 | B47: Active | E47: 16 | F47: 0 | G47: 0 | H47: 16 | I47: =H47-F47 -> 16 | J47: =H47-G47 -> 16 | K47: =PRODUCT($E47,Calculator!$E$8) -> 72 | L47: =PRODUCT($I47,Calculator!$E$8) -> 72 | M47: =PRODUCT($J47,Calculator!$E$8) -> 72 | N47: =60/($E47*Calculator!$E$8) -> 0.83333333 | O47: =IF(($E47=$F47),60,60/(($E47-$F47)*Calculator!$E$8)) -> 0.83333333 | P47: =IF(($E47=$G47),60,60/(($E47-$G47)*Calculator!$E$8)) -> 0.83333333 | Q47: =IF(($E47=$H47),60,60/(($E47-$H47)*Calculator!$E$8)) -> 60 | R47: =(O47-N47)/N47 -> 0 | S47: =(P47-N47)/N47 -> 0 | T47: =(Q47-N47)/N47 -> 71 | U47: =(Q47-O47)/O47 -> 71 | V47: =(Q47-P47)/P47 -> 71 | W47: =F47/E47 -> 0 | X47: =G47/E47 -> 0 | Y47: =H47/E47 -> 1
A48: Microsoft Defender Antivirus | B48: Active | C48: P | D48: P | E48: 68 | F48: 68 | G48: 41 | H48: 68 | I48: =H48-F48 -> 0 | J48: =H48-G48 -> 27 | K48: =PRODUCT($E48,Calculator!$E$8) -> 306 | L48: =PRODUCT($I48,Calculator!$E$8) -> 0 | M48: =PRODUCT($J48,Calculator!$E$8) -> 121.5 | N48: =60/($E48*Calculator!$E$8) -> 0.19607843 | O48: =IF(($E48=$F48),60,60/(($E48-$F48)*Calculator!$E$8)) -> 60 | P48: =IF(($E48=$G48),60,60/(($E48-$G48)*Calculator!$E$8)) -> 0.49382716 | Q48: =IF(($E48=$H48),60,60/(($E48-$H48)*Calculator!$E$8)) -> 60 | R48: =(O48-N48)/N48 -> 305 | S48: =(P48-N48)/N48 -> 1.5185185 | T48: =(Q48-N48)/N48 -> 305 | U48: =(Q48-O48)/O48 -> 0 | V48: =(Q48-P48)/P48 -> 120.5 | W48: =F48/E48 -> 1 | X48: =G48/E48 -> 0.60294118 | Y48: =H48/E48 -> 1
A49: Microsoft Edge | B49: Active | C49: P | D49: P | E49: 59 | F49: 48 | G49: 54 | H49: 58 | I49: =H49-F49 -> 10 | J49: =H49-G49 -> 4 | K49: =PRODUCT($E49,Calculator!$E$8) -> 265.5 | L49: =PRODUCT($I49,Calculator!$E$8) -> 45 | M49: =PRODUCT($J49,Calculator!$E$8) -> 18 | N49: =60/($E49*Calculator!$E$8) -> 0.2259887 | O49: =IF(($E49=$F49),60,60/(($E49-$F49)*Calculator!$E$8)) -> 1.2121212 | P49: =IF(($E49=$G49),60,60/(($E49-$G49)*Calculator!$E$8)) -> 2.6666667 | Q49: =IF(($E49=$H49),60,60/(($E49-$H49)*Calculator!$E$8)) -> 13.333333 | R49: =(O49-N49)/N49 -> 4.3636364 | S49: =(P49-N49)/N49 -> 10.8 | T49: =(Q49-N49)/N49 -> 58 | U49: =(Q49-O49)/O49 -> 10 | V49: =(Q49-P49)/P49 -> 4 | W49: =F49/E49 -> 0.81355932 | X49: =G49/E49 -> 0.91525424 | Y49: =H49/E49 -> 0.98305085
A50: Microsoft Excel 2013 | B50: Deprecated | E50: 48 | F50: 0 | G50: 0 | H50: 48 | I50: =H50-F50 -> 48 | J50: =H50-G50 -> 48 | K50: =PRODUCT($E50,Calculator!$E$8) -> 216 | L50: =PRODUCT($I50,Calculator!$E$8) -> 216 | M50: =PRODUCT($J50,Calculator!$E$8) -> 216 | N50: =60/($E50*Calculator!$E$8) -> 0.27777778 | O50: =IF(($E50=$F50),60,60/(($E50-$F50)*Calculator!$E$8)) -> 0.27777778 | P50: =IF(($E50=$G50),60,60/(($E50-$G50)*Calculator!$E$8)) -> 0.27777778 | Q50: =IF(($E50=$H50),60,60/(($E50-$H50)*Calculator!$E$8)) -> 60 | R50: =(O50-N50)/N50 -> 0 | S50: =(P50-N50)/N50 -> 0 | T50: =(Q50-N50)/N50 -> 215 | U50: =(Q50-O50)/O50 -> 215 | V50: =(Q50-P50)/P50 -> 215 | W50: =F50/E50 -> 0 | X50: =G50/E50 -> 0 | Y50: =H50/E50 -> 1
A51: Microsoft Excel 2016 | B51: Active | E51: 41 | F51: 0 | G51: 0 | H51: 41 | I51: =H51-F51 -> 41 | J51: =H51-G51 -> 41 | K51: =PRODUCT($E51,Calculator!$E$8) -> 184.5 | L51: =PRODUCT($I51,Calculator!$E$8) -> 184.5 | M51: =PRODUCT($J51,Calculator!$E$8) -> 184.5 | N51: =60/($E51*Calculator!$E$8) -> 0.32520325 | O51: =IF(($E51=$F51),60,60/(($E51-$F51)*Calculator!$E$8)) -> 0.32520325 | P51: =IF(($E51=$G51),60,60/(($E51-$G51)*Calculator!$E$8)) -> 0.32520325 | Q51: =IF(($E51=$H51),60,60/(($E51-$H51)*Calculator!$E$8)) -> 60 | R51: =(O51-N51)/N51 -> 0 | S51: =(P51-N51)/N51 -> 0 | T51: =(Q51-N51)/N51 -> 183.5 | U51: =(Q51-O51)/O51 -> 183.5 | V51: =(Q51-P51)/P51 -> 183.5 | W51: =F51/E51 -> 0 | X51: =G51/E51 -> 0 | Y51: =H51/E51 -> 1
A52: Microsoft Exchange 2016 Edge Transport Server | B52: Active | E52: 68 | F52: 0 | G52: 0 | H52: 49 | I52: =H52-F52 -> 49 | J52: =H52-G52 -> 49 | K52: =PRODUCT($E52,Calculator!$E$8) -> 306 | L52: =PRODUCT($I52,Calculator!$E$8) -> 220.5 | M52: =PRODUCT($J52,Calculator!$E$8) -> 220.5 | N52: =60/($E52*Calculator!$E$8) -> 0.19607843 | O52: =IF(($E52=$F52),60,60/(($E52-$F52)*Calculator!$E$8)) -> 0.19607843 | P52: =IF(($E52=$G52),60,60/(($E52-$G52)*Calculator!$E$8)) -> 0.19607843 | Q52: =IF(($E52=$H52),60,60/(($E52-$H52)*Calculator!$E$8)) -> 0.70175439 | R52: =(O52-N52)/N52 -> 0 | S52: =(P52-N52)/N52 -> 0 | T52: =(Q52-N52)/N52 -> 2.5789474 | U52: =(Q52-O52)/O52 -> 2.5789474 | V52: =(Q52-P52)/P52 -> 2.5789474 | W52: =F52/E52 -> 0 | X52: =G52/E52 -> 0 | Y52: =H52/E52 -> 0.72058824
A53: Microsoft Exchange 2016 Mailbox Server | B53: Active | E53: 64 | F53: 0 | G53: 0 | H53: 47 | I53: =H53-F53 -> 47 | J53: =H53-G53 -> 47 | K53: =PRODUCT($E53,Calculator!$E$8) -> 288 | L53: =PRODUCT($I53,Calculator!$E$8) -> 211.5 | M53: =PRODUCT($J53,Calculator!$E$8) -> 211.5 | N53: =60/($E53*Calculator!$E$8) -> 0.20833333 | O53: =IF(($E53=$F53),60,60/(($E53-$F53)*Calculator!$E$8)) -> 0.20833333 | P53: =IF(($E53=$G53),60,60/(($E53-$G53)*Calculator!$E$8)) -> 0.20833333 | Q53: =IF(($E53=$H53),60,60/(($E53-$H53)*Calculator!$E$8)) -> 0.78431373 | R53: =(O53-N53)/N53 -> 0 | S53: =(P53-N53)/N53 -> 0 | T53: =(Q53-N53)/N53 -> 2.7647059 | U53: =(Q53-O53)/O53 -> 2.7647059 | V53: =(Q53-P53)/P53 -> 2.7647059 | W53: =F53/E53 -> 0 | X53: =G53/E53 -> 0 | Y53: =H53/E53 -> 0.734375
A54: Microsoft Exchange 2019 Edge Server | B54: Active | E54: 68 | F54: 0 | G54: 0 | H54: 47 | I54: =H54-F54 -> 47 | J54: =H54-G54 -> 47 | K54: =PRODUCT($E54,Calculator!$E$8) -> 306 | L54: =PRODUCT($I54,Calculator!$E$8) -> 211.5 | M54: =PRODUCT($J54,Calculator!$E$8) -> 211.5 | N54: =60/($E54*Calculator!$E$8) -> 0.19607843 | O54: =IF(($E54=$F54),60,60/(($E54-$F54)*Calculator!$E$8)) -> 0.19607843 | P54: =IF(($E54=$G54),60,60/(($E54-$G54)*Calculator!$E$8)) -> 0.19607843 | Q54: =IF(($E54=$H54),60,60/(($E54-$H54)*Calculator!$E$8)) -> 0.63492063 | R54: =(O54-N54)/N54 -> 0 | S54: =(P54-N54)/N54 -> 0 | T54: =(Q54-N54)/N54 -> 2.2380952 | U54: =(Q54-O54)/O54 -> 2.2380952 | V54: =(Q54-P54)/P54 -> 2.2380952 | W54: =F54/E54 -> 0 | X54: =G54/E54 -> 0 | Y54: =H54/E54 -> 0.69117647
A55: Microsoft Exchange 2019 Mailbox Server | B55: Active | E55: 66 | F55: 0 | G55: 0 | H55: 46 | I55: =H55-F55 -> 46 | J55: =H55-G55 -> 46 | K55: =PRODUCT($E55,Calculator!$E$8) -> 297 | L55: =PRODUCT($I55,Calculator!$E$8) -> 207 | M55: =PRODUCT($J55,Calculator!$E$8) -> 207 | N55: =60/($E55*Calculator!$E$8) -> 0.2020202 | O55: =IF(($E55=$F55),60,60/(($E55-$F55)*Calculator!$E$8)) -> 0.2020202 | P55: =IF(($E55=$G55),60,60/(($E55-$G55)*Calculator!$E$8)) -> 0.2020202 | Q55: =IF(($E55=$H55),60,60/(($E55-$H55)*Calculator!$E$8)) -> 0.66666667 | R55: =(O55-N55)/N55 -> 0 | S55: =(P55-N55)/N55 -> 0 | T55: =(Q55-N55)/N55 -> 2.3 | U55: =(Q55-O55)/O55 -> 2.3 | V55: =(Q55-P55)/P55 -> 2.3 | W55: =F55/E55 -> 0 | X55: =G55/E55 -> 0 | Y55: =H55/E55 -> 0.6969697
A56: Microsoft Groove 2013 | B56: Deprecated | E56: 11 | F56: 0 | G56: 0 | H56: 11 | I56: =H56-F56 -> 11 | J56: =H56-G56 -> 11 | K56: =PRODUCT($E56,Calculator!$E$8) -> 49.5 | L56: =PRODUCT($I56,Calculator!$E$8) -> 49.5 | M56: =PRODUCT($J56,Calculator!$E$8) -> 49.5 | N56: =60/($E56*Calculator!$E$8) -> 1.2121212 | O56: =IF(($E56=$F56),60,60/(($E56-$F56)*Calculator!$E$8)) -> 1.2121212 | P56: =IF(($E56=$G56),60,60/(($E56-$G56)*Calculator!$E$8)) -> 1.2121212 | Q56: =IF(($E56=$H56),60,60/(($E56-$H56)*Calculator!$E$8)) -> 60 | R56: =(O56-N56)/N56 -> 0 | S56: =(P56-N56)/N56 -> 0 | T56: =(Q56-N56)/N56 -> 48.5 | U56: =(Q56-O56)/O56 -> 48.5 | V56: =(Q56-P56)/P56 -> 48.5 | W56: =F56/E56 -> 0 | X56: =G56/E56 -> 0 | Y56: =H56/E56 -> 1
A57: Microsoft IIS 10.0 Server | B57: Active | D57: P | E57: 42 | F57: 0 | G57: 25 | H57: 26 | I57: =H57-F57 -> 26 | J57: =H57-G57 -> 1 | K57: =PRODUCT($E57,Calculator!$E$8) -> 189 | L57: =PRODUCT($I57,Calculator!$E$8) -> 117 | M57: =PRODUCT($J57,Calculator!$E$8) -> 4.5 | N57: =60/($E57*Calculator!$E$8) -> 0.31746032 | O57: =IF(($E57=$F57),60,60/(($E57-$F57)*Calculator!$E$8)) -> 0.31746032 | P57: =IF(($E57=$G57),60,60/(($E57-$G57)*Calculator!$E$8)) -> 0.78431373 | Q57: =IF(($E57=$H57),60,60/(($E57-$H57)*Calculator!$E$8)) -> 0.83333333 | R57: =(O57-N57)/N57 -> 0 | S57: =(P57-N57)/N57 -> 1.4705882 | T57: =(Q57-N57)/N57 -> 1.625 | U57: =(Q57-O57)/O57 -> 1.625 | V57: =(Q57-P57)/P57 -> 0.0625 | W57: =F57/E57 -> 0 | X57: =G57/E57 -> 0.5952381 | Y57: =H57/E57 -> 0.61904762
A58: Microsoft IIS 10.0 Site | B58: Active | D58: P | E58: 44 | F58: 0 | G58: 32 | H58: 40 | I58: =H58-F58 -> 40 | J58: =H58-G58 -> 8 | K58: =PRODUCT($E58,Calculator!$E$8) -> 198 | L58: =PRODUCT($I58,Calculator!$E$8) -> 180 | M58: =PRODUCT($J58,Calculator!$E$8) -> 36 | N58: =60/($E58*Calculator!$E$8) -> 0.3030303 | O58: =IF(($E58=$F58),60,60/(($E58-$F58)*Calculator!$E$8)) -> 0.3030303 | P58: =IF(($E58=$G58),60,60/(($E58-$G58)*Calculator!$E$8)) -> 1.1111111 | Q58: =IF(($E58=$H58),60,60/(($E58-$H58)*Calculator!$E$8)) -> 3.3333333 | R58: =(O58-N58)/N58 -> 0 | S58: =(P58-N58)/N58 -> 2.6666667 | T58: =(Q58-N58)/N58 -> 10 | U58: =(Q58-O58)/O58 -> 10 | V58: =(Q58-P58)/P58 -> 2 | W58: =F58/E58 -> 0 | X58: =G58/E58 -> 0.72727273 | Y58: =H58/E58 -> 0.90909091
A59: Microsoft IIS 8.5 Server | B59: Deprecated | D59: P | E59: 43 | F59: 0 | G59: 19 | H59: 25 | I59: =H59-F59 -> 25 | J59: =H59-G59 -> 6 | K59: =PRODUCT($E59,Calculator!$E$8) -> 193.5 | L59: =PRODUCT($I59,Calculator!$E$8) -> 112.5 | M59: =PRODUCT($J59,Calculator!$E$8) -> 27 | N59: =60/($E59*Calculator!$E$8) -> 0.31007752 | O59: =IF(($E59=$F59),60,60/(($E59-$F59)*Calculator!$E$8)) -> 0.31007752 | P59: =IF(($E59=$G59),60,60/(($E59-$G59)*Calculator!$E$8)) -> 0.55555556 | Q59: =IF(($E59=$H59),60,60/(($E59-$H59)*Calculator!$E$8)) -> 0.74074074 | R59: =(O59-N59)/N59 -> 0 | S59: =(P59-N59)/N59 -> 0.79166667 | T59: =(Q59-N59)/N59 -> 1.3888889 | U59: =(Q59-O59)/O59 -> 1.3888889 | V59: =(Q59-P59)/P59 -> 0.33333333 | W59: =F59/E59 -> 0 | X59: =G59/E59 -> 0.44186047 | Y59: =H59/E59 -> 0.58139535
A60: Microsoft IIS 8.5 Site | B60: Deprecated | D60: P | E60: 49 | F60: 0 | G60: 20 | H60: 44 | I60: =H60-F60 -> 44 | J60: =H60-G60 -> 24 | K60: =PRODUCT($E60,Calculator!$E$8) -> 220.5 | L60: =PRODUCT($I60,Calculator!$E$8) -> 198 | M60: =PRODUCT($J60,Calculator!$E$8) -> 108 | N60: =60/($E60*Calculator!$E$8) -> 0.27210884 | O60: =IF(($E60=$F60),60,60/(($E60-$F60)*Calculator!$E$8)) -> 0.27210884 | P60: =IF(($E60=$G60),60,60/(($E60-$G60)*Calculator!$E$8)) -> 0.45977011 | Q60: =IF(($E60=$H60),60,60/(($E60-$H60)*Calculator!$E$8)) -> 2.6666667 | R60: =(O60-N60)/N60 -> 0 | S60: =(P60-N60)/N60 -> 0.68965517 | T60: =(Q60-N60)/N60 -> 8.8 | U60: =(Q60-O60)/O60 -> 8.8 | V60: =(Q60-P60)/P60 -> 4.8 | W60: =F60/E60 -> 0 | X60: =G60/E60 -> 0.40816327 | Y60: =H60/E60 -> 0.89795918
A61: Microsoft InfoPath 2013 | B61: Deprecated | E61: 24 | F61: 0 | G61: 0 | H61: 24 | I61: =H61-F61 -> 24 | J61: =H61-G61 -> 24 | K61: =PRODUCT($E61,Calculator!$E$8) -> 108 | L61: =PRODUCT($I61,Calculator!$E$8) -> 108 | M61: =PRODUCT($J61,Calculator!$E$8) -> 108 | N61: =60/($E61*Calculator!$E$8) -> 0.55555556 | O61: =IF(($E61=$F61),60,60/(($E61-$F61)*Calculator!$E$8)) -> 0.55555556 | P61: =IF(($E61=$G61),60,60/(($E61-$G61)*Calculator!$E$8)) -> 0.55555556 | Q61: =IF(($E61=$H61),60,60/(($E61-$H61)*Calculator!$E$8)) -> 60 | R61: =(O61-N61)/N61 -> 0 | S61: =(P61-N61)/N61 -> 0 | T61: =(Q61-N61)/N61 -> 107 | U61: =(Q61-O61)/O61 -> 107 | V61: =(Q61-P61)/P61 -> 107 | W61: =F61/E61 -> 0 | X61: =G61/E61 -> 0 | Y61: =H61/E61 -> 1
A62: Microsoft Internet Explorer 11 | B62: Active | C62: P | D62: P | E62: 137 | F62: 133 | G62: 136 | H62: 137 | I62: =H62-F62 -> 4 | J62: =H62-G62 -> 1 | K62: =PRODUCT($E62,Calculator!$E$8) -> 616.5 | L62: =PRODUCT($I62,Calculator!$E$8) -> 18 | M62: =PRODUCT($J62,Calculator!$E$8) -> 4.5 | N62: =60/($E62*Calculator!$E$8) -> 0.097323601 | O62: =IF(($E62=$F62),60,60/(($E62-$F62)*Calculator!$E$8)) -> 3.3333333 | P62: =IF(($E62=$G62),60,60/(($E62-$G62)*Calculator!$E$8)) -> 13.333333 | Q62: =IF(($E62=$H62),60,60/(($E62-$H62)*Calculator!$E$8)) -> 60 | R62: =(O62-N62)/N62 -> 33.25 | S62: =(P62-N62)/N62 -> 136 | T62: =(Q62-N62)/N62 -> 615.5 | U62: =(Q62-O62)/O62 -> 17 | V62: =(Q62-P62)/P62 -> 3.5 | W62: =F62/E62 -> 0.97080292 | X62: =G62/E62 -> 0.99270073 | Y62: =H62/E62 -> 1
A63: Microsoft Lync 2013 | B63: Deprecated | E63: 4 | F63: 0 | G63: 0 | H63: 4 | I63: =H63-F63 -> 4 | J63: =H63-G63 -> 4 | K63: =PRODUCT($E63,Calculator!$E$8) -> 18 | L63: =PRODUCT($I63,Calculator!$E$8) -> 18 | M63: =PRODUCT($J63,Calculator!$E$8) -> 18 | N63: =60/($E63*Calculator!$E$8) -> 3.3333333 | O63: =IF(($E63=$F63),60,60/(($E63-$F63)*Calculator!$E$8)) -> 3.3333333 | P63: =IF(($E63=$G63),60,60/(($E63-$G63)*Calculator!$E$8)) -> 3.3333333 | Q63: =IF(($E63=$H63),60,60/(($E63-$H63)*Calculator!$E$8)) -> 60 | R63: =(O63-N63)/N63 -> 0 | S63: =(P63-N63)/N63 -> 0 | T63: =(Q63-N63)/N63 -> 17 | U63: =(Q63-O63)/O63 -> 17 | V63: =(Q63-P63)/P63 -> 17 | W63: =F63/E63 -> 0 | X63: =G63/E63 -> 0 | Y63: =H63/E63 -> 1
A64: Microsoft Office 365 ProPlus | B64: Active | C64: P | D64: P | E64: 143 | F64: 137 | G64: 137 | H64: 143 | I64: =H64-F64 -> 6 | J64: =H64-G64 -> 6 | K64: =PRODUCT($E64,Calculator!$E$8) -> 643.5 | L64: =PRODUCT($I64,Calculator!$E$8) -> 27 | M64: =PRODUCT($J64,Calculator!$E$8) -> 27 | N64: =60/($E64*Calculator!$E$8) -> 0.093240093 | O64: =IF(($E64=$F64),60,60/(($E64-$F64)*Calculator!$E$8)) -> 2.2222222 | P64: =IF(($E64=$G64),60,60/(($E64-$G64)*Calculator!$E$8)) -> 2.2222222 | Q64: =IF(($E64=$H64),60,60/(($E64-$H64)*Calculator!$E$8)) -> 60 | R64: =(O64-N64)/N64 -> 22.833333 | S64: =(P64-N64)/N64 -> 22.833333 | T64: =(Q64-N64)/N64 -> 642.5 | U64: =(Q64-O64)/O64 -> 26 | V64: =(Q64-P64)/P64 -> 26 | W64: =F64/E64 -> 0.95804196 | X64: =G64/E64 -> 0.95804196 | Y64: =H64/E64 -> 1
A65: Microsoft Office System 2013 | B65: Deprecated | E65: 47 | F65: 0 | G65: 0 | H65: 47 | I65: =H65-F65 -> 47 | J65: =H65-G65 -> 47 | K65: =PRODUCT($E65,Calculator!$E$8) -> 211.5 | L65: =PRODUCT($I65,Calculator!$E$8) -> 211.5 | M65: =PRODUCT($J65,Calculator!$E$8) -> 211.5 | N65: =60/($E65*Calculator!$E$8) -> 0.28368794 | O65: =IF(($E65=$F65),60,60/(($E65-$F65)*Calculator!$E$8)) -> 0.28368794 | P65: =IF(($E65=$G65),60,60/(($E65-$G65)*Calculator!$E$8)) -> 0.28368794 | Q65: =IF(($E65=$H65),60,60/(($E65-$H65)*Calculator!$E$8)) -> 60 | R65: =(O65-N65)/N65 -> 0 | S65: =(P65-N65)/N65 -> 0 | T65: =(Q65-N65)/N65 -> 210.5 | U65: =(Q65-O65)/O65 -> 210.5 | V65: =(Q65-P65)/P65 -> 210.5 | W65: =F65/E65 -> 0 | X65: =G65/E65 -> 0 | Y65: =H65/E65 -> 1
A66: Microsoft Office System 2016 | B66: Active | E66: 20 | F66: 0 | G66: 0 | H66: 20 | I66: =H66-F66 -> 20 | J66: =H66-G66 -> 20 | K66: =PRODUCT($E66,Calculator!$E$8) -> 90 | L66: =PRODUCT($I66,Calculator!$E$8) -> 90 | M66: =PRODUCT($J66,Calculator!$E$8) -> 90 | N66: =60/($E66*Calculator!$E$8) -> 0.66666667 | O66: =IF(($E66=$F66),60,60/(($E66-$F66)*Calculator!$E$8)) -> 0.66666667 | P66: =IF(($E66=$G66),60,60/(($E66-$G66)*Calculator!$E$8)) -> 0.66666667 | Q66: =IF(($E66=$H66),60,60/(($E66-$H66)*Calculator!$E$8)) -> 60 | R66: =(O66-N66)/N66 -> 0 | S66: =(P66-N66)/N66 -> 0 | T66: =(Q66-N66)/N66 -> 89 | U66: =(Q66-O66)/O66 -> 89 | V66: =(Q66-P66)/P66 -> 89 | W66: =F66/E66 -> 0 | X66: =G66/E66 -> 0 | Y66: =H66/E66 -> 1
A67: Microsoft OneDrive | B67: Sunset | D67: P | E67: 12 | F67: 0 | G67: 12 | H67: 12 | I67: =H67-F67 -> 12 | J67: =H67-G67 -> 0 | K67: =PRODUCT($E67,Calculator!$E$8) -> 54 | L67: =PRODUCT($I67,Calculator!$E$8) -> 54 | M67: =PRODUCT($J67,Calculator!$E$8) -> 0 | N67: =60/($E67*Calculator!$E$8) -> 1.1111111 | O67: =IF(($E67=$F67),60,60/(($E67-$F67)*Calculator!$E$8)) -> 1.1111111 | P67: =IF(($E67=$G67),60,60/(($E67-$G67)*Calculator!$E$8)) -> 60 | Q67: =IF(($E67=$H67),60,60/(($E67-$H67)*Calculator!$E$8)) -> 60 | R67: =(O67-N67)/N67 -> 0 | S67: =(P67-N67)/N67 -> 53 | T67: =(Q67-N67)/N67 -> 53 | U67: =(Q67-O67)/O67 -> 53 | V67: =(Q67-P67)/P67 -> 0 | W67: =F67/E67 -> 0 | X67: =G67/E67 -> 1 | Y67: =H67/E67 -> 1
A68: Microsoft OneNote 2013 | B68: Deprecated | E68: 11 | F68: 0 | G68: 0 | H68: 11 | I68: =H68-F68 -> 11 | J68: =H68-G68 -> 11 | K68: =PRODUCT($E68,Calculator!$E$8) -> 49.5 | L68: =PRODUCT($I68,Calculator!$E$8) -> 49.5 | M68: =PRODUCT($J68,Calculator!$E$8) -> 49.5 | N68: =60/($E68*Calculator!$E$8) -> 1.2121212 | O68: =IF(($E68=$F68),60,60/(($E68-$F68)*Calculator!$E$8)) -> 1.2121212 | P68: =IF(($E68=$G68),60,60/(($E68-$G68)*Calculator!$E$8)) -> 1.2121212 | Q68: =IF(($E68=$H68),60,60/(($E68-$H68)*Calculator!$E$8)) -> 60 | R68: =(O68-N68)/N68 -> 0 | S68: =(P68-N68)/N68 -> 0 | T68: =(Q68-N68)/N68 -> 48.5 | U68: =(Q68-O68)/O68 -> 48.5 | V68: =(Q68-P68)/P68 -> 48.5 | W68: =F68/E68 -> 0 | X68: =G68/E68 -> 0 | Y68: =H68/E68 -> 1
A69: Microsoft OneNote 2016 | B69: Active | E69: 10 | F69: 0 | G69: 0 | H69: 10 | I69: =H69-F69 -> 10 | J69: =H69-G69 -> 10 | K69: =PRODUCT($E69,Calculator!$E$8) -> 45 | L69: =PRODUCT($I69,Calculator!$E$8) -> 45 | M69: =PRODUCT($J69,Calculator!$E$8) -> 45 | N69: =60/($E69*Calculator!$E$8) -> 1.3333333 | O69: =IF(($E69=$F69),60,60/(($E69-$F69)*Calculator!$E$8)) -> 1.3333333 | P69: =IF(($E69=$G69),60,60/(($E69-$G69)*Calculator!$E$8)) -> 1.3333333 | Q69: =IF(($E69=$H69),60,60/(($E69-$H69)*Calculator!$E$8)) -> 60 | R69: =(O69-N69)/N69 -> 0 | S69: =(P69-N69)/N69 -> 0 | T69: =(Q69-N69)/N69 -> 44 | U69: =(Q69-O69)/O69 -> 44 | V69: =(Q69-P69)/P69 -> 44 | W69: =F69/E69 -> 0 | X69: =G69/E69 -> 0 | Y69: =H69/E69 -> 1
A70: Microsoft Outlook 2013 | B70: Deprecated | E70: 82 | F70: 0 | G70: 0 | H70: 82 | I70: =H70-F70 -> 82 | J70: =H70-G70 -> 82 | K70: =PRODUCT($E70,Calculator!$E$8) -> 369 | L70: =PRODUCT($I70,Calculator!$E$8) -> 369 | M70: =PRODUCT($J70,Calculator!$E$8) -> 369 | N70: =60/($E70*Calculator!$E$8) -> 0.16260163 | O70: =IF(($E70=$F70),60,60/(($E70-$F70)*Calculator!$E$8)) -> 0.16260163 | P70: =IF(($E70=$G70),60,60/(($E70-$G70)*Calculator!$E$8)) -> 0.16260163 | Q70: =IF(($E70=$H70),60,60/(($E70-$H70)*Calculator!$E$8)) -> 60 | R70: =(O70-N70)/N70 -> 0 | S70: =(P70-N70)/N70 -> 0 | T70: =(Q70-N70)/N70 -> 368 | U70: =(Q70-O70)/O70 -> 368 | V70: =(Q70-P70)/P70 -> 368 | W70: =F70/E70 -> 0 | X70: =G70/E70 -> 0 | Y70: =H70/E70 -> 1
A71: Microsoft Outlook 2016 | B71: Active | E71: 63 | F71: 0 | G71: 0 | H71: 63 | I71: =H71-F71 -> 63 | J71: =H71-G71 -> 63 | K71: =PRODUCT($E71,Calculator!$E$8) -> 283.5 | L71: =PRODUCT($I71,Calculator!$E$8) -> 283.5 | M71: =PRODUCT($J71,Calculator!$E$8) -> 283.5 | N71: =60/($E71*Calculator!$E$8) -> 0.21164021 | O71: =IF(($E71=$F71),60,60/(($E71-$F71)*Calculator!$E$8)) -> 0.21164021 | P71: =IF(($E71=$G71),60,60/(($E71-$G71)*Calculator!$E$8)) -> 0.21164021 | Q71: =IF(($E71=$H71),60,60/(($E71-$H71)*Calculator!$E$8)) -> 60 | R71: =(O71-N71)/N71 -> 0 | S71: =(P71-N71)/N71 -> 0 | T71: =(Q71-N71)/N71 -> 282.5 | U71: =(Q71-O71)/O71 -> 282.5 | V71: =(Q71-P71)/P71 -> 282.5 | W71: =F71/E71 -> 0 | X71: =G71/E71 -> 0 | Y71: =H71/E71 -> 1
A72: Microsoft PowerPoint 2013 | B72: Deprecated | E72: 41 | F72: 0 | G72: 0 | H72: 41 | I72: =H72-F72 -> 41 | J72: =H72-G72 -> 41 | K72: =PRODUCT($E72,Calculator!$E$8) -> 184.5 | L72: =PRODUCT($I72,Calculator!$E$8) -> 184.5 | M72: =PRODUCT($J72,Calculator!$E$8) -> 184.5 | N72: =60/($E72*Calculator!$E$8) -> 0.32520325 | O72: =IF(($E72=$F72),60,60/(($E72-$F72)*Calculator!$E$8)) -> 0.32520325 | P72: =IF(($E72=$G72),60,60/(($E72-$G72)*Calculator!$E$8)) -> 0.32520325 | Q72: =IF(($E72=$H72),60,60/(($E72-$H72)*Calculator!$E$8)) -> 60 | R72: =(O72-N72)/N72 -> 0 | S72: =(P72-N72)/N72 -> 0 | T72: =(Q72-N72)/N72 -> 183.5 | U72: =(Q72-O72)/O72 -> 183.5 | V72: =(Q72-P72)/P72 -> 183.5 | W72: =F72/E72 -> 0 | X72: =G72/E72 -> 0 | Y72: =H72/E72 -> 1
A73: Microsoft PowerPoint 2016 | B73: Active | E73: 37 | F73: 0 | G73: 0 | H73: 37 | I73: =H73-F73 -> 37 | J73: =H73-G73 -> 37 | K73: =PRODUCT($E73,Calculator!$E$8) -> 166.5 | L73: =PRODUCT($I73,Calculator!$E$8) -> 166.5 | M73: =PRODUCT($J73,Calculator!$E$8) -> 166.5 | N73: =60/($E73*Calculator!$E$8) -> 0.36036036 | O73: =IF(($E73=$F73),60,60/(($E73-$F73)*Calculator!$E$8)) -> 0.36036036 | P73: =IF(($E73=$G73),60,60/(($E73-$G73)*Calculator!$E$8)) -> 0.36036036 | Q73: =IF(($E73=$H73),60,60/(($E73-$H73)*Calculator!$E$8)) -> 60 | R73: =(O73-N73)/N73 -> 0 | S73: =(P73-N73)/N73 -> 0 | T73: =(Q73-N73)/N73 -> 165.5 | U73: =(Q73-O73)/O73 -> 165.5 | V73: =(Q73-P73)/P73 -> 165.5 | W73: =F73/E73 -> 0 | X73: =G73/E73 -> 0 | Y73: =H73/E73 -> 1
A74: Microsoft Project 2013 | B74: Deprecated | E74: 15 | F74: 0 | G74: 0 | H74: 15 | I74: =H74-F74 -> 15 | J74: =H74-G74 -> 15 | K74: =PRODUCT($E74,Calculator!$E$8) -> 67.5 | L74: =PRODUCT($I74,Calculator!$E$8) -> 67.5 | M74: =PRODUCT($J74,Calculator!$E$8) -> 67.5 | N74: =60/($E74*Calculator!$E$8) -> 0.88888889 | O74: =IF(($E74=$F74),60,60/(($E74-$F74)*Calculator!$E$8)) -> 0.88888889 | P74: =IF(($E74=$G74),60,60/(($E74-$G74)*Calculator!$E$8)) -> 0.88888889 | Q74: =IF(($E74=$H74),60,60/(($E74-$H74)*Calculator!$E$8)) -> 60 | R74: =(O74-N74)/N74 -> 0 | S74: =(P74-N74)/N74 -> 0 | T74: =(Q74-N74)/N74 -> 66.5 | U74: =(Q74-O74)/O74 -> 66.5 | V74: =(Q74-P74)/P74 -> 66.5 | W74: =F74/E74 -> 0 | X74: =G74/E74 -> 0 | Y74: =H74/E74 -> 1
A75: Microsoft Project 2016 | B75: Active | E75: 14 | F75: 0 | G75: 0 | H75: 14 | I75: =H75-F75 -> 14 | J75: =H75-G75 -> 14 | K75: =PRODUCT($E75,Calculator!$E$8) -> 63 | L75: =PRODUCT($I75,Calculator!$E$8) -> 63 | M75: =PRODUCT($J75,Calculator!$E$8) -> 63 | N75: =60/($E75*Calculator!$E$8) -> 0.95238095 | O75: =IF(($E75=$F75),60,60/(($E75-$F75)*Calculator!$E$8)) -> 0.95238095 | P75: =IF(($E75=$G75),60,60/(($E75-$G75)*Calculator!$E$8)) -> 0.95238095 | Q75: =IF(($E75=$H75),60,60/(($E75-$H75)*Calculator!$E$8)) -> 60 | R75: =(O75-N75)/N75 -> 0 | S75: =(P75-N75)/N75 -> 0 | T75: =(Q75-N75)/N75 -> 62 | U75: =(Q75-O75)/O75 -> 62 | V75: =(Q75-P75)/P75 -> 62 | W75: =F75/E75 -> 0 | X75: =G75/E75 -> 0 | Y75: =H75/E75 -> 1
A76: Microsoft Publisher 2013 | B76: Deprecated | E76: 16 | F76: 0 | G76: 0 | H76: 16 | I76: =H76-F76 -> 16 | J76: =H76-G76 -> 16 | K76: =PRODUCT($E76,Calculator!$E$8) -> 72 | L76: =PRODUCT($I76,Calculator!$E$8) -> 72 | M76: =PRODUCT($J76,Calculator!$E$8) -> 72 | N76: =60/($E76*Calculator!$E$8) -> 0.83333333 | O76: =IF(($E76=$F76),60,60/(($E76-$F76)*Calculator!$E$8)) -> 0.83333333 | P76: =IF(($E76=$G76),60,60/(($E76-$G76)*Calculator!$E$8)) -> 0.83333333 | Q76: =IF(($E76=$H76),60,60/(($E76-$H76)*Calculator!$E$8)) -> 60 | R76: =(O76-N76)/N76 -> 0 | S76: =(P76-N76)/N76 -> 0 | T76: =(Q76-N76)/N76 -> 71 | U76: =(Q76-O76)/O76 -> 71 | V76: =(Q76-P76)/P76 -> 71 | W76: =F76/E76 -> 0 | X76: =G76/E76 -> 0 | Y76: =H76/E76 -> 1
A77: Microsoft Publisher 2016 | B77: Active | E77: 15 | F77: 0 | G77: 0 | H77: 15 | I77: =H77-F77 -> 15 | J77: =H77-G77 -> 15 | K77: =PRODUCT($E77,Calculator!$E$8) -> 67.5 | L77: =PRODUCT($I77,Calculator!$E$8) -> 67.5 | M77: =PRODUCT($J77,Calculator!$E$8) -> 67.5 | N77: =60/($E77*Calculator!$E$8) -> 0.88888889 | O77: =IF(($E77=$F77),60,60/(($E77-$F77)*Calculator!$E$8)) -> 0.88888889 | P77: =IF(($E77=$G77),60,60/(($E77-$G77)*Calculator!$E$8)) -> 0.88888889 | Q77: =IF(($E77=$H77),60,60/(($E77-$H77)*Calculator!$E$8)) -> 60 | R77: =(O77-N77)/N77 -> 0 | S77: =(P77-N77)/N77 -> 0 | T77: =(Q77-N77)/N77 -> 66.5 | U77: =(Q77-O77)/O77 -> 66.5 | V77: =(Q77-P77)/P77 -> 66.5 | W77: =F77/E77 -> 0 | X77: =G77/E77 -> 0 | Y77: =H77/E77 -> 1
A78: Microsoft SharePoint 2013 | B78: Deprecated | E78: 37 | F78: 0 | G78: 0 | H78: 17 | I78: =H78-F78 -> 17 | J78: =H78-G78 -> 17 | K78: =PRODUCT($E78,Calculator!$E$8) -> 166.5 | L78: =PRODUCT($I78,Calculator!$E$8) -> 76.5 | M78: =PRODUCT($J78,Calculator!$E$8) -> 76.5 | N78: =60/($E78*Calculator!$E$8) -> 0.36036036 | O78: =IF(($E78=$F78),60,60/(($E78-$F78)*Calculator!$E$8)) -> 0.36036036 | P78: =IF(($E78=$G78),60,60/(($E78-$G78)*Calculator!$E$8)) -> 0.36036036 | Q78: =IF(($E78=$H78),60,60/(($E78-$H78)*Calculator!$E$8)) -> 0.66666667 | R78: =(O78-N78)/N78 -> 0 | S78: =(P78-N78)/N78 -> 0 | T78: =(Q78-N78)/N78 -> 0.85 | U78: =(Q78-O78)/O78 -> 0.85 | V78: =(Q78-P78)/P78 -> 0.85 | W78: =F78/E78 -> 0 | X78: =G78/E78 -> 0 | Y78: =H78/E78 -> 0.45945946
A79: Microsoft Skype for Business 2016 | B79: Active | E79: 3 | F79: 0 | G79: 0 | H79: 3 | I79: =H79-F79 -> 3 | J79: =H79-G79 -> 3 | K79: =PRODUCT($E79,Calculator!$E$8) -> 13.5 | L79: =PRODUCT($I79,Calculator!$E$8) -> 13.5 | M79: =PRODUCT($J79,Calculator!$E$8) -> 13.5 | N79: =60/($E79*Calculator!$E$8) -> 4.4444444 | O79: =IF(($E79=$F79),60,60/(($E79-$F79)*Calculator!$E$8)) -> 4.4444444 | P79: =IF(($E79=$G79),60,60/(($E79-$G79)*Calculator!$E$8)) -> 4.4444444 | Q79: =IF(($E79=$H79),60,60/(($E79-$H79)*Calculator!$E$8)) -> 60 | R79: =(O79-N79)/N79 -> 0 | S79: =(P79-N79)/N79 -> 0 | T79: =(Q79-N79)/N79 -> 12.5 | U79: =(Q79-O79)/O79 -> 12.5 | V79: =(Q79-P79)/P79 -> 12.5 | W79: =F79/E79 -> 0 | X79: =G79/E79 -> 0 | Y79: =H79/E79 -> 1
A80: Microsoft SQL Server 2022 Database | B80: Active | D80: P | E80: 22 | F80: 0 | G80: 1 | H80: 16 | I80: =H80-F80 -> 16 | J80: =H80-G80 -> 15 | K80: =PRODUCT($E80,Calculator!$E$8) -> 99 | L80: =PRODUCT($I80,Calculator!$E$8) -> 72 | M80: =PRODUCT($J80,Calculator!$E$8) -> 67.5 | N80: =60/($E80*Calculator!$E$8) -> 0.60606061 | O80: =IF(($E80=$F80),60,60/(($E80-$F80)*Calculator!$E$8)) -> 0.60606061 | P80: =IF(($E80=$G80),60,60/(($E80-$G80)*Calculator!$E$8)) -> 0.63492063 | Q80: =IF(($E80=$H80),60,60/(($E80-$H80)*Calculator!$E$8)) -> 2.2222222 | R80: =(O80-N80)/N80 -> 0 | S80: =(P80-N80)/N80 -> 0.047619048 | T80: =(Q80-N80)/N80 -> 2.6666667 | U80: =(Q80-O80)/O80 -> 2.6666667 | V80: =(Q80-P80)/P80 -> 2.5 | W80: =F80/E80 -> 0 | X80: =G80/E80 -> 0.045454545 | Y80: =H80/E80 -> 0.72727273
A81: Microsoft SQL Server 2022 Instance | B81: Active | D81: P | E81: 80 | F81: 0 | G81: 36 | H81: 54 | I81: =H81-F81 -> 54 | J81: =H81-G81 -> 18 | K81: =PRODUCT($E81,Calculator!$E$8) -> 360 | L81: =PRODUCT($I81,Calculator!$E$8) -> 243 | M81: =PRODUCT($J81,Calculator!$E$8) -> 81 | N81: =60/($E81*Calculator!$E$8) -> 0.16666667 | O81: =IF(($E81=$F81),60,60/(($E81-$F81)*Calculator!$E$8)) -> 0.16666667 | P81: =IF(($E81=$G81),60,60/(($E81-$G81)*Calculator!$E$8)) -> 0.3030303 | Q81: =IF(($E81=$H81),60,60/(($E81-$H81)*Calculator!$E$8)) -> 0.51282051 | R81: =(O81-N81)/N81 -> 0 | S81: =(P81-N81)/N81 -> 0.81818182 | T81: =(Q81-N81)/N81 -> 2.0769231 | U81: =(Q81-O81)/O81 -> 2.0769231 | V81: =(Q81-P81)/P81 -> 0.69230769 | W81: =F81/E81 -> 0 | X81: =G81/E81 -> 0.45 | Y81: =H81/E81 -> 0.675
A82: Microsoft Visio 2013 | B82: Deprecated | E82: 14 | F82: 0 | G82: 0 | H82: 14 | I82: =H82-F82 -> 14 | J82: =H82-G82 -> 14 | K82: =PRODUCT($E82,Calculator!$E$8) -> 63 | L82: =PRODUCT($I82,Calculator!$E$8) -> 63 | M82: =PRODUCT($J82,Calculator!$E$8) -> 63 | N82: =60/($E82*Calculator!$E$8) -> 0.95238095 | O82: =IF(($E82=$F82),60,60/(($E82-$F82)*Calculator!$E$8)) -> 0.95238095 | P82: =IF(($E82=$G82),60,60/(($E82-$G82)*Calculator!$E$8)) -> 0.95238095 | Q82: =IF(($E82=$H82),60,60/(($E82-$H82)*Calculator!$E$8)) -> 60 | R82: =(O82-N82)/N82 -> 0 | S82: =(P82-N82)/N82 -> 0 | T82: =(Q82-N82)/N82 -> 62 | U82: =(Q82-O82)/O82 -> 62 | V82: =(Q82-P82)/P82 -> 62 | W82: =F82/E82 -> 0 | X82: =G82/E82 -> 0 | Y82: =H82/E82 -> 1
A83: Microsoft Visio 2016 | B83: Active | E83: 13 | F83: 0 | G83: 0 | H83: 13 | I83: =H83-F83 -> 13 | J83: =H83-G83 -> 13 | K83: =PRODUCT($E83,Calculator!$E$8) -> 58.5 | L83: =PRODUCT($I83,Calculator!$E$8) -> 58.5 | M83: =PRODUCT($J83,Calculator!$E$8) -> 58.5 | N83: =60/($E83*Calculator!$E$8) -> 1.025641 | O83: =IF(($E83=$F83),60,60/(($E83-$F83)*Calculator!$E$8)) -> 1.025641 | P83: =IF(($E83=$G83),60,60/(($E83-$G83)*Calculator!$E$8)) -> 1.025641 | Q83: =IF(($E83=$H83),60,60/(($E83-$H83)*Calculator!$E$8)) -> 60 | R83: =(O83-N83)/N83 -> 0 | S83: =(P83-N83)/N83 -> 0 | T83: =(Q83-N83)/N83 -> 57.5 | U83: =(Q83-O83)/O83 -> 57.5 | V83: =(Q83-P83)/P83 -> 57.5 | W83: =F83/E83 -> 0 | X83: =G83/E83 -> 0 | Y83: =H83/E83 -> 1
A84: Microsoft Windows 10 | B84: Active | C84: P | D84: P | E84: 268 | F84: 223 | G84: 248 | H84: 262 | I84: =H84-F84 -> 39 | J84: =H84-G84 -> 14 | K84: =PRODUCT($E84,Calculator!$E$8) -> 1206 | L84: =PRODUCT($I84,Calculator!$E$8) -> 175.5 | M84: =PRODUCT($J84,Calculator!$E$8) -> 63 | N84: =60/($E84*Calculator!$E$8) -> 0.049751244 | O84: =IF(($E84=$F84),60,60/(($E84-$F84)*Calculator!$E$8)) -> 0.2962963 | P84: =IF(($E84=$G84),60,60/(($E84-$G84)*Calculator!$E$8)) -> 0.66666667 | Q84: =IF(($E84=$H84),60,60/(($E84-$H84)*Calculator!$E$8)) -> 2.2222222 | R84: =(O84-N84)/N84 -> 4.9555556 | S84: =(P84-N84)/N84 -> 12.4 | T84: =(Q84-N84)/N84 -> 43.666667 | U84: =(Q84-O84)/O84 -> 6.5 | V84: =(Q84-P84)/P84 -> 2.3333333 | W84: =F84/E84 -> 0.83208955 | X84: =G84/E84 -> 0.92537313 | Y84: =H84/E84 -> 0.97761194
A85: Microsoft Windows 11 | B85: Active | C85: P | D85: P | E85: 265 | F85: 215 | G85: 245 | H85: 259 | I85: =H85-F85 -> 44 | J85: =H85-G85 -> 14 | K85: =PRODUCT($E85,Calculator!$E$8) -> 1192.5 | L85: =PRODUCT($I85,Calculator!$E$8) -> 198 | M85: =PRODUCT($J85,Calculator!$E$8) -> 63 | N85: =60/($E85*Calculator!$E$8) -> 0.050314465 | O85: =IF(($E85=$F85),60,60/(($E85-$F85)*Calculator!$E$8)) -> 0.26666667 | P85: =IF(($E85=$G85),60,60/(($E85-$G85)*Calculator!$E$8)) -> 0.66666667 | Q85: =IF(($E85=$H85),60,60/(($E85-$H85)*Calculator!$E$8)) -> 2.2222222 | R85: =(O85-N85)/N85 -> 4.3 | S85: =(P85-N85)/N85 -> 12.25 | T85: =(Q85-N85)/N85 -> 43.166667 | U85: =(Q85-O85)/O85 -> 7.3333333 | V85: =(Q85-P85)/P85 -> 2.3333333 | W85: =F85/E85 -> 0.81132075 | X85: =G85/E85 -> 0.9245283 | Y85: =H85/E85 -> 0.97735849
A86: Microsoft Windows Defender Firewall with Advanced Security | B86: Active | C86: P | D86: P | E86: 21 | F86: 20 | G86: 20 | H86: 20 | I86: =H86-F86 -> 0 | J86: =H86-G86 -> 0 | K86: =PRODUCT($E86,Calculator!$E$8) -> 94.5 | L86: =PRODUCT($I86,Calculator!$E$8) -> 0 | M86: =PRODUCT($J86,Calculator!$E$8) -> 0 | N86: =60/($E86*Calculator!$E$8) -> 0.63492063 | O86: =IF(($E86=$F86),60,60/(($E86-$F86)*Calculator!$E$8)) -> 13.333333 | P86: =IF(($E86=$G86),60,60/(($E86-$G86)*Calculator!$E$8)) -> 13.333333 | Q86: =IF(($E86=$H86),60,60/(($E86-$H86)*Calculator!$E$8)) -> 13.333333 | R86: =(O86-N86)/N86 -> 20 | S86: =(P86-N86)/N86 -> 20 | T86: =(Q86-N86)/N86 -> 20 | U86: =(Q86-O86)/O86 -> 0 | V86: =(Q86-P86)/P86 -> 0 | W86: =F86/E86 -> 0.95238095 | X86: =G86/E86 -> 0.95238095 | Y86: =H86/E86 -> 0.95238095
A87: Microsoft Windows Server 2012/2012 R2 Domain Controller | B87: Deprecated | D87: P | E87: 364 | F87: 0 | G87: 258 | H87: 318 | I87: =H87-F87 -> 318 | J87: =H87-G87 -> 60 | K87: =PRODUCT($E87,Calculator!$E$8) -> 1638 | L87: =PRODUCT($I87,Calculator!$E$8) -> 1431 | M87: =PRODUCT($J87,Calculator!$E$8) -> 270 | N87: =60/($E87*Calculator!$E$8) -> 0.036630037 | O87: =IF(($E87=$F87),60,60/(($E87-$F87)*Calculator!$E$8)) -> 0.036630037 | P87: =IF(($E87=$G87),60,60/(($E87-$G87)*Calculator!$E$8)) -> 0.12578616 | Q87: =IF(($E87=$H87),60,60/(($E87-$H87)*Calculator!$E$8)) -> 0.28985507 | R87: =(O87-N87)/N87 -> 0 | S87: =(P87-N87)/N87 -> 2.4339623 | T87: =(Q87-N87)/N87 -> 6.9130435 | U87: =(Q87-O87)/O87 -> 6.9130435 | V87: =(Q87-P87)/P87 -> 1.3043478 | W87: =F87/E87 -> 0 | X87: =G87/E87 -> 0.70879121 | Y87: =H87/E87 -> 0.87362637
A88: Microsoft Windows Server 2012/2012 R2 Member Server | B88: Deprecated | D88: P | E88: 329 | F88: 0 | G88: 247 | H88: 296 | I88: =H88-F88 -> 296 | J88: =H88-G88 -> 49 | K88: =PRODUCT($E88,Calculator!$E$8) -> 1480.5 | L88: =PRODUCT($I88,Calculator!$E$8) -> 1332 | M88: =PRODUCT($J88,Calculator!$E$8) -> 220.5 | N88: =60/($E88*Calculator!$E$8) -> 0.040526849 | O88: =IF(($E88=$F88),60,60/(($E88-$F88)*Calculator!$E$8)) -> 0.040526849 | P88: =IF(($E88=$G88),60,60/(($E88-$G88)*Calculator!$E$8)) -> 0.16260163 | Q88: =IF(($E88=$H88),60,60/(($E88-$H88)*Calculator!$E$8)) -> 0.4040404 | R88: =(O88-N88)/N88 -> 0 | S88: =(P88-N88)/N88 -> 3.0121951 | T88: =(Q88-N88)/N88 -> 8.969697 | U88: =(Q88-O88)/O88 -> 8.969697 | V88: =(Q88-P88)/P88 -> 1.4848485 | W88: =F88/E88 -> 0 | X88: =G88/E88 -> 0.75075988 | Y88: =H88/E88 -> 0.89969605
A89: Microsoft Windows Server 2016 | B89: Sunset | C89: P | D89: P | E89: 273 | F89: 202 | G89: 235 | H89: 240 | I89: =H89-F89 -> 38 | J89: =H89-G89 -> 5 | K89: =PRODUCT($E89,Calculator!$E$8) -> 1228.5 | L89: =PRODUCT($I89,Calculator!$E$8) -> 171 | M89: =PRODUCT($J89,Calculator!$E$8) -> 22.5 | N89: =60/($E89*Calculator!$E$8) -> 0.048840049 | O89: =IF(($E89=$F89),60,60/(($E89-$F89)*Calculator!$E$8)) -> 0.18779343 | P89: =IF(($E89=$G89),60,60/(($E89-$G89)*Calculator!$E$8)) -> 0.35087719 | Q89: =IF(($E89=$H89),60,60/(($E89-$H89)*Calculator!$E$8)) -> 0.4040404 | R89: =(O89-N89)/N89 -> 2.8450704 | S89: =(P89-N89)/N89 -> 6.1842105 | T89: =(Q89-N89)/N89 -> 7.2727273 | U89: =(Q89-O89)/O89 -> 1.1515152 | V89: =(Q89-P89)/P89 -> 0.15151515 | W89: =F89/E89 -> 0.73992674 | X89: =G89/E89 -> 0.86080586 | Y89: =H89/E89 -> 0.87912088
A90: Microsoft Windows Server 2019 | B90: Active | C90: P | D90: P | E90: 283 | F90: 210 | G90: 237 | H90: 251 | I90: =H90-F90 -> 41 | J90: =H90-G90 -> 14 | K90: =PRODUCT($E90,Calculator!$E$8) -> 1273.5 | L90: =PRODUCT($I90,Calculator!$E$8) -> 184.5 | M90: =PRODUCT($J90,Calculator!$E$8) -> 63 | N90: =60/($E90*Calculator!$E$8) -> 0.047114252 | O90: =IF(($E90=$F90),60,60/(($E90-$F90)*Calculator!$E$8)) -> 0.1826484 | P90: =IF(($E90=$G90),60,60/(($E90-$G90)*Calculator!$E$8)) -> 0.28985507 | Q90: =IF(($E90=$H90),60,60/(($E90-$H90)*Calculator!$E$8)) -> 0.41666667 | R90: =(O90-N90)/N90 -> 2.8767123 | S90: =(P90-N90)/N90 -> 5.1521739 | T90: =(Q90-N90)/N90 -> 7.84375 | U90: =(Q90-O90)/O90 -> 1.28125 | V90: =(Q90-P90)/P90 -> 0.4375 | W90: =F90/E90 -> 0.74204947 | X90: =G90/E90 -> 0.83745583 | Y90: =H90/E90 -> 0.8869258
A91: Microsoft Windows Server 2022 | B91: Active | C91: P | D91: P | E91: 283 | F91: 210 | G91: 237 | H91: 251 | I91: =H91-F91 -> 41 | J91: =H91-G91 -> 14 | K91: =PRODUCT($E91,Calculator!$E$8) -> 1273.5 | L91: =PRODUCT($I91,Calculator!$E$8) -> 184.5 | M91: =PRODUCT($J91,Calculator!$E$8) -> 63 | N91: =60/($E91*Calculator!$E$8) -> 0.047114252 | O91: =IF(($E91=$F91),60,60/(($E91-$F91)*Calculator!$E$8)) -> 0.1826484 | P91: =IF(($E91=$G91),60,60/(($E91-$G91)*Calculator!$E$8)) -> 0.28985507 | Q91: =IF(($E91=$H91),60,60/(($E91-$H91)*Calculator!$E$8)) -> 0.41666667 | R91: =(O91-N91)/N91 -> 2.8767123 | S91: =(P91-N91)/N91 -> 5.1521739 | T91: =(Q91-N91)/N91 -> 7.84375 | U91: =(Q91-O91)/O91 -> 1.28125 | V91: =(Q91-P91)/P91 -> 0.4375 | W91: =F91/E91 -> 0.74204947 | X91: =G91/E91 -> 0.83745583 | Y91: =H91/E91 -> 0.8869258
A92: Microsoft Windows Server Domain Name System (DNS) | B92: Active | D92: P | E92: 83 | F92: 0 | G92: 42 | H92: 69 | I92: =H92-F92 -> 69 | J92: =H92-G92 -> 27 | K92: =PRODUCT($E92,Calculator!$E$8) -> 373.5 | L92: =PRODUCT($I92,Calculator!$E$8) -> 310.5 | M92: =PRODUCT($J92,Calculator!$E$8) -> 121.5 | N92: =60/($E92*Calculator!$E$8) -> 0.16064257 | O92: =IF(($E92=$F92),60,60/(($E92-$F92)*Calculator!$E$8)) -> 0.16064257 | P92: =IF(($E92=$G92),60,60/(($E92-$G92)*Calculator!$E$8)) -> 0.32520325 | Q92: =IF(($E92=$H92),60,60/(($E92-$H92)*Calculator!$E$8)) -> 0.95238095 | R92: =(O92-N92)/N92 -> 0 | S92: =(P92-N92)/N92 -> 1.0243902 | T92: =(Q92-N92)/N92 -> 4.9285714 | U92: =(Q92-O92)/O92 -> 4.9285714 | V92: =(Q92-P92)/P92 -> 1.9285714 | W92: =F92/E92 -> 0 | X92: =G92/E92 -> 0.5060241 | Y92: =H92/E92 -> 0.8313253
A93: Microsoft Word 2013 | B93: Deprecated | E93: 36 | F93: 0 | G93: 0 | H93: 36 | I93: =H93-F93 -> 36 | J93: =H93-G93 -> 36 | K93: =PRODUCT($E93,Calculator!$E$8) -> 162 | L93: =PRODUCT($I93,Calculator!$E$8) -> 162 | M93: =PRODUCT($J93,Calculator!$E$8) -> 162 | N93: =60/($E93*Calculator!$E$8) -> 0.37037037 | O93: =IF(($E93=$F93),60,60/(($E93-$F93)*Calculator!$E$8)) -> 0.37037037 | P93: =IF(($E93=$G93),60,60/(($E93-$G93)*Calculator!$E$8)) -> 0.37037037 | Q93: =IF(($E93=$H93),60,60/(($E93-$H93)*Calculator!$E$8)) -> 60 | R93: =(O93-N93)/N93 -> 0 | S93: =(P93-N93)/N93 -> 0 | T93: =(Q93-N93)/N93 -> 161 | U93: =(Q93-O93)/O93 -> 161 | V93: =(Q93-P93)/P93 -> 161 | W93: =F93/E93 -> 0 | X93: =G93/E93 -> 0 | Y93: =H93/E93 -> 1
A94: Microsoft Word 2016 | B94: Active | E94: 34 | F94: 0 | G94: 0 | H94: 34 | I94: =H94-F94 -> 34 | J94: =H94-G94 -> 34 | K94: =PRODUCT($E94,Calculator!$E$8) -> 153 | L94: =PRODUCT($I94,Calculator!$E$8) -> 153 | M94: =PRODUCT($J94,Calculator!$E$8) -> 153 | N94: =60/($E94*Calculator!$E$8) -> 0.39215686 | O94: =IF(($E94=$F94),60,60/(($E94-$F94)*Calculator!$E$8)) -> 0.39215686 | P94: =IF(($E94=$G94),60,60/(($E94-$G94)*Calculator!$E$8)) -> 0.39215686 | Q94: =IF(($E94=$H94),60,60/(($E94-$H94)*Calculator!$E$8)) -> 60 | R94: =(O94-N94)/N94 -> 0 | S94: =(P94-N94)/N94 -> 0 | T94: =(Q94-N94)/N94 -> 152 | U94: =(Q94-O94)/O94 -> 152 | V94: =(Q94-P94)/P94 -> 152 | W94: =F94/E94 -> 0 | X94: =G94/E94 -> 0 | Y94: =H94/E94 -> 1
A95: MongoDB Enterprise Advanced 3.x | B95: Sunset | E95: 44 | F95: 0 | G95: 0 | H95: 24 | I95: =H95-F95 -> 24 | J95: =H95-G95 -> 24 | K95: =PRODUCT($E95,Calculator!$E$8) -> 198 | L95: =PRODUCT($I95,Calculator!$E$8) -> 108 | M95: =PRODUCT($J95,Calculator!$E$8) -> 108 | N95: =60/($E95*Calculator!$E$8) -> 0.3030303 | O95: =IF(($E95=$F95),60,60/(($E95-$F95)*Calculator!$E$8)) -> 0.3030303 | P95: =IF(($E95=$G95),60,60/(($E95-$G95)*Calculator!$E$8)) -> 0.3030303 | Q95: =IF(($E95=$H95),60,60/(($E95-$H95)*Calculator!$E$8)) -> 0.66666667 | R95: =(O95-N95)/N95 -> 0 | S95: =(P95-N95)/N95 -> 0 | T95: =(Q95-N95)/N95 -> 1.2 | U95: =(Q95-O95)/O95 -> 1.2 | V95: =(Q95-P95)/P95 -> 1.2 | W95: =F95/E95 -> 0 | X95: =G95/E95 -> 0 | Y95: =H95/E95 -> 0.54545455
A96: Mozilla Firefox | B96: Active | C96: P | D96: P | E96: 34 | F96: 23 | G96: 33 | H96: 33 | I96: =H96-F96 -> 10 | J96: =H96-G96 -> 0 | K96: =PRODUCT($E96,Calculator!$E$8) -> 153 | L96: =PRODUCT($I96,Calculator!$E$8) -> 45 | M96: =PRODUCT($J96,Calculator!$E$8) -> 0 | N96: =60/($E96*Calculator!$E$8) -> 0.39215686 | O96: =IF(($E96=$F96),60,60/(($E96-$F96)*Calculator!$E$8)) -> 1.2121212 | P96: =IF(($E96=$G96),60,60/(($E96-$G96)*Calculator!$E$8)) -> 13.333333 | Q96: =IF(($E96=$H96),60,60/(($E96-$H96)*Calculator!$E$8)) -> 13.333333 | R96: =(O96-N96)/N96 -> 2.0909091 | S96: =(P96-N96)/N96 -> 33 | T96: =(Q96-N96)/N96 -> 33 | U96: =(Q96-O96)/O96 -> 10 | V96: =(Q96-P96)/P96 -> 0 | W96: =F96/E96 -> 0.67647059 | X96: =G96/E96 -> 0.97058824 | Y96: =H96/E96 -> 0.97058824
A97: MS SharePoint Designer 2013 | B97: Deprecated | E97: 10 | F97: 0 | G97: 0 | H97: 10 | I97: =H97-F97 -> 10 | J97: =H97-G97 -> 10 | K97: =PRODUCT($E97,Calculator!$E$8) -> 45 | L97: =PRODUCT($I97,Calculator!$E$8) -> 45 | M97: =PRODUCT($J97,Calculator!$E$8) -> 45 | N97: =60/($E97*Calculator!$E$8) -> 1.3333333 | O97: =IF(($E97=$F97),60,60/(($E97-$F97)*Calculator!$E$8)) -> 1.3333333 | P97: =IF(($E97=$G97),60,60/(($E97-$G97)*Calculator!$E$8)) -> 1.3333333 | Q97: =IF(($E97=$H97),60,60/(($E97-$H97)*Calculator!$E$8)) -> 60 | R97: =(O97-N97)/N97 -> 0 | S97: =(P97-N97)/N97 -> 0 | T97: =(Q97-N97)/N97 -> 44 | U97: =(Q97-O97)/O97 -> 44 | V97: =(Q97-P97)/P97 -> 44 | W97: =F97/E97 -> 0 | X97: =G97/E97 -> 0 | Y97: =H97/E97 -> 1
A98: MS SQL Server 2014 Database | B98: Sunset | E98: 43 | F98: 0 | G98: 0 | H98: 23 | I98: =H98-F98 -> 23 | J98: =H98-G98 -> 23 | K98: =PRODUCT($E98,Calculator!$E$8) -> 193.5 | L98: =PRODUCT($I98,Calculator!$E$8) -> 103.5 | M98: =PRODUCT($J98,Calculator!$E$8) -> 103.5 | N98: =60/($E98*Calculator!$E$8) -> 0.31007752 | O98: =IF(($E98=$F98),60,60/(($E98-$F98)*Calculator!$E$8)) -> 0.31007752 | P98: =IF(($E98=$G98),60,60/(($E98-$G98)*Calculator!$E$8)) -> 0.31007752 | Q98: =IF(($E98=$H98),60,60/(($E98-$H98)*Calculator!$E$8)) -> 0.66666667 | R98: =(O98-N98)/N98 -> 0 | S98: =(P98-N98)/N98 -> 0 | T98: =(Q98-N98)/N98 -> 1.15 | U98: =(Q98-O98)/O98 -> 1.15 | V98: =(Q98-P98)/P98 -> 1.15 | W98: =F98/E98 -> 0 | X98: =G98/E98 -> 0 | Y98: =H98/E98 -> 0.53488372
A99: MS SQL Server 2014 Instance | B99: Sunset | E99: 93 | F99: 0 | G99: 0 | H99: 63 | I99: =H99-F99 -> 63 | J99: =H99-G99 -> 63 | K99: =PRODUCT($E99,Calculator!$E$8) -> 418.5 | L99: =PRODUCT($I99,Calculator!$E$8) -> 283.5 | M99: =PRODUCT($J99,Calculator!$E$8) -> 283.5 | N99: =60/($E99*Calculator!$E$8) -> 0.14336918 | O99: =IF(($E99=$F99),60,60/(($E99-$F99)*Calculator!$E$8)) -> 0.14336918 | P99: =IF(($E99=$G99),60,60/(($E99-$G99)*Calculator!$E$8)) -> 0.14336918 | Q99: =IF(($E99=$H99),60,60/(($E99-$H99)*Calculator!$E$8)) -> 0.44444444 | R99: =(O99-N99)/N99 -> 0 | S99: =(P99-N99)/N99 -> 0 | T99: =(Q99-N99)/N99 -> 2.1 | U99: =(Q99-O99)/O99 -> 2.1 | V99: =(Q99-P99)/P99 -> 2.1 | W99: =F99/E99 -> 0 | X99: =G99/E99 -> 0 | Y99: =H99/E99 -> 0.67741935
A100: MS SQL Server 2016 Database | B100: Active | D100: P | E100: 28 | F100: 0 | G100: 2 | H100: 19 | I100: =H100-F100 -> 19 | J100: =H100-G100 -> 17 | K100: =PRODUCT($E100,Calculator!$E$8) -> 126 | L100: =PRODUCT($I100,Calculator!$E$8) -> 85.5 | M100: =PRODUCT($J100,Calculator!$E$8) -> 76.5 | N100: =60/($E100*Calculator!$E$8) -> 0.47619048 | O100: =IF(($E100=$F100),60,60/(($E100-$F100)*Calculator!$E$8)) -> 0.47619048 | P100: =IF(($E100=$G100),60,60/(($E100-$G100)*Calculator!$E$8)) -> 0.51282051 | Q100: =IF(($E100=$H100),60,60/(($E100-$H100)*Calculator!$E$8)) -> 1.4814815 | R100: =(O100-N100)/N100 -> 0 | S100: =(P100-N100)/N100 -> 0.076923077 | T100: =(Q100-N100)/N100 -> 2.1111111 | U100: =(Q100-O100)/O100 -> 2.1111111 | V100: =(Q100-P100)/P100 -> 1.8888889 | W100: =F100/E100 -> 0 | X100: =G100/E100 -> 0.071428571 | Y100: =H100/E100 -> 0.67857143
...

Sheet Dropdown Data
A1: Hourly Rate
A2: 76
A3: 88.5
